model_version,window,solve_start,solve_end,commit_end,committed_snapshots,lookahead_snapshots,solver_status,termination_condition,runtime_seconds,max_nodal_residual_mw,max_corridor_loading_pct
papanasam-servalar-topology-v2,1,2025-04-01 00:00:00,2025-04-08 23:00:00,2025-04-07 23:00:00,168,24,ok,optimal,1703.9365419999995,4.6430415068243747e-11,100.0
papanasam-servalar-topology-v2,2,2025-04-08 00:00:00,2025-04-15 23:00:00,2025-04-14 23:00:00,168,24,ok,optimal,1720.7440296999994,6.436762234329763e-11,100.00000000000004
papanasam-servalar-topology-v2,3,2025-04-15 00:00:00,2025-04-22 23:00:00,2025-04-21 23:00:00,168,24,ok,optimal,1348.9603699,2.2958857037735925e-11,100.00000000000911
papanasam-servalar-topology-v2,4,2025-04-22 00:00:00,2025-04-29 23:00:00,2025-04-28 23:00:00,168,24,ok,optimal,160.92819919999965,5.868983077306211e-11,100.0
papanasam-servalar-topology-v2,5,2025-04-29 00:00:00,2025-05-06 23:00:00,2025-05-05 23:00:00,168,24,ok,optimal,1633.8685229000002,5.787048618088875e-11,100.0
papanasam-servalar-topology-v2,6,2025-05-06 00:00:00,2025-05-13 23:00:00,2025-05-12 23:00:00,168,24,ok,optimal,2009.3819234000002,5.922973222993733e-11,100.0
papanasam-servalar-topology-v2,7,2025-05-13 00:00:00,2025-05-20 23:00:00,2025-05-19 23:00:00,168,24,ok,optimal,1353.7283604999975,5.970933469878759e-11,100.0
papanasam-servalar-topology-v2,8,2025-05-20 00:00:00,2025-05-27 23:00:00,2025-05-26 23:00:00,168,24,ok,optimal,1634.9438768999971,2.737277071673816e-11,100.0
papanasam-servalar-topology-v2,9,2025-05-27 00:00:00,2025-06-03 23:00:00,2025-06-02 23:00:00,168,24,ok,optimal,1914.4864585000032,5.780975698144175e-11,100.0
papanasam-servalar-topology-v2,10,2025-06-03 00:00:00,2025-06-10 23:00:00,2025-06-09 23:00:00,168,24,ok,optimal,1979.1532969000036,2.688693712116219e-11,100.0
papanasam-servalar-topology-v2,11,2025-06-10 00:00:00,2025-06-17 23:00:00,2025-06-16 23:00:00,168,24,ok,optimal,1958.6893271000008,5.983480377835804e-11,100.0
papanasam-servalar-topology-v2,12,2025-06-17 00:00:00,2025-06-24 23:00:00,2025-06-23 23:00:00,168,24,ok,optimal,1369.9492794000034,2.5849544726952445e-11,100.0
papanasam-servalar-topology-v2,13,2025-06-24 00:00:00,2025-07-01 23:00:00,2025-06-30 23:00:00,168,24,ok,optimal,2123.5069215999974,1.2818190953112207e-11,100.00000000000004
papanasam-servalar-topology-v2,14,2025-07-01 00:00:00,2025-07-08 23:00:00,2025-07-07 23:00:00,168,24,ok,optimal,2251.0699779999995,1.5834444866413833e-11,100.00000000000004
papanasam-servalar-topology-v2,15,2025-07-08 00:00:00,2025-07-15 23:00:00,2025-07-14 23:00:00,168,24,ok,optimal,1148.1170649999985,1.404565352913778e-11,100.0
papanasam-servalar-topology-v2,16,2025-07-15 00:00:00,2025-07-22 23:00:00,2025-07-21 23:00:00,168,24,ok,optimal,2736.3756118999954,4.593836422372988e-11,100.0
papanasam-servalar-topology-v2,17,2025-07-22 00:00:00,2025-07-29 23:00:00,2025-07-28 23:00:00,168,24,ok,optimal,2493.897190799995,1.156266193902411e-10,100.00000000000033
papanasam-servalar-topology-v2,18,2025-07-29 00:00:00,2025-08-05 23:00:00,2025-08-04 23:00:00,168,24,ok,optimal,1630.9023715000003,1.0913936421275139e-10,100.0
papanasam-servalar-topology-v2,19,2025-08-05 00:00:00,2025-08-12 23:00:00,2025-08-11 23:00:00,168,24,ok,optimal,2280.8719125999996,2.346354222027003e-10,100.0
papanasam-servalar-topology-v2,20,2025-08-12 00:00:00,2025-08-19 23:00:00,2025-08-18 23:00:00,168,24,ok,optimal,1470.853052499995,8.756728675507475e-11,100.0
papanasam-servalar-topology-v2,21,2025-08-19 00:00:00,2025-08-26 23:00:00,2025-08-25 23:00:00,168,24,ok,optimal,2110.907383400001,8.948575214162702e-11,100.0
papanasam-servalar-topology-v2,22,2025-08-26 00:00:00,2025-09-02 23:00:00,2025-09-01 23:00:00,168,24,ok,optimal,3193.002541200003,1.0147793716441811e-10,100.0
papanasam-servalar-topology-v2,23,2025-09-02 00:00:00,2025-09-09 23:00:00,2025-09-08 23:00:00,168,24,ok,optimal,2253.8532693000016,4.920508445138694e-11,100.0
papanasam-servalar-topology-v2,24,2025-09-09 00:00:00,2025-09-16 23:00:00,2025-09-15 23:00:00,168,24,ok,optimal,2092.1380725000054,3.5790037600236246e-10,100.0
papanasam-servalar-topology-v2,25,2025-09-16 00:00:00,2025-09-23 23:00:00,2025-09-22 23:00:00,168,24,ok,optimal,1715.676124000005,7.138822866181727e-11,100.0
papanasam-servalar-topology-v2,26,2025-09-23 00:00:00,2025-09-30 23:00:00,2025-09-29 23:00:00,168,24,ok,optimal,1817.7874564999947,1.0294343155692331e-10,100.0
papanasam-servalar-topology-v2,27,2025-09-30 00:00:00,2025-10-07 23:00:00,2025-10-06 23:00:00,168,24,ok,optimal,2158.9529179999954,2.346247640616639e-10,100.0
papanasam-servalar-topology-v2,28,2025-10-07 00:00:00,2025-10-14 23:00:00,2025-10-13 23:00:00,168,24,ok,optimal,1204.6093417000084,1.028404028602381e-10,100.0
papanasam-servalar-topology-v2,29,2025-10-14 00:00:00,2025-10-21 23:00:00,2025-10-20 23:00:00,168,24,ok,optimal,1927.3902743999934,4.455902313793558e-11,100.0
papanasam-servalar-topology-v2,30,2025-10-21 00:00:00,2025-10-28 23:00:00,2025-10-27 23:00:00,168,24,ok,optimal,1646.059689799993,2.319229253089361e-10,100.0
papanasam-servalar-topology-v2,31,2025-10-28 00:00:00,2025-11-04 23:00:00,2025-11-03 23:00:00,168,24,ok,optimal,976.5560770000011,2.000177801164682e-10,100.0
papanasam-servalar-topology-v2,32,2025-11-04 00:00:00,2025-11-11 23:00:00,2025-11-10 23:00:00,168,24,ok,optimal,903.1528989000071,2.3297275220102165e-10,100.0
papanasam-servalar-topology-v2,33,2025-11-11 00:00:00,2025-11-18 23:00:00,2025-11-17 23:00:00,168,24,ok,optimal,1140.4573306999955,1.4774403922501733e-10,100.0
papanasam-servalar-topology-v2,34,2025-11-18 00:00:00,2025-11-25 23:00:00,2025-11-24 23:00:00,168,24,ok,optimal,1306.787432600002,1.1320189230445976e-10,100.0
papanasam-servalar-topology-v2,35,2025-11-25 00:00:00,2025-12-02 23:00:00,2025-12-01 23:00:00,168,24,ok,optimal,3051.3884633999987,2.3369928214833635e-10,100.0
papanasam-servalar-topology-v2,36,2025-12-02 00:00:00,2025-12-09 23:00:00,2025-12-08 23:00:00,168,24,ok,optimal,800.067341499991,2.375664109877107e-10,100.0
papanasam-servalar-topology-v2,37,2025-12-09 00:00:00,2025-12-16 23:00:00,2025-12-15 23:00:00,168,24,ok,optimal,1320.478146999987,2.3378632363346696e-10,100.0
papanasam-servalar-topology-v2,38,2025-12-16 00:00:00,2025-12-23 23:00:00,2025-12-22 23:00:00,168,24,ok,optimal,1734.624247300002,2.319682224083408e-10,100.0
papanasam-servalar-topology-v2,39,2025-12-23 00:00:00,2025-12-30 23:00:00,2025-12-29 23:00:00,168,24,ok,optimal,2126.0074120000063,1.7552892472849635e-10,100.0
papanasam-servalar-topology-v2,40,2025-12-30 00:00:00,2026-01-06 23:00:00,2026-01-05 23:00:00,168,24,ok,optimal,1719.888566499998,2.3215340760884828e-10,100.0
papanasam-servalar-topology-v2,41,2026-01-06 00:00:00,2026-01-13 23:00:00,2026-01-12 23:00:00,168,24,ok,optimal,3220.1885992999887,2.3139135052474558e-10,100.0
papanasam-servalar-topology-v2,42,2026-01-13 00:00:00,2026-01-20 23:00:00,2026-01-19 23:00:00,168,24,ok,optimal,2753.5726697999926,2.33101982161088e-10,100.0
papanasam-servalar-topology-v2,43,2026-01-20 00:00:00,2026-01-27 23:00:00,2026-01-26 23:00:00,168,24,ok,optimal,2022.553123900012,2.3282886729703023e-10,100.00000000001137
