model_version,unit_commitment,window,solve_start,solve_end,commit_end,committed_snapshots,lookahead_snapshots,solver_status,termination_condition,accepted_solution,mip_gap,time_limit_seconds,max_time_limit_mip_gap,runtime_seconds,max_nodal_residual_mw,max_corridor_loading_pct
papanasam-servalar-topology-v3-spill-cost-time-limit,none,1,2025-04-01 00:00:00,2025-04-08 23:00:00,2025-04-07 23:00:00,168,24,ok,optimal,True,,1800,0.05,10.759906699997373,6.547651310029323e-12,100.0
papanasam-servalar-topology-v3-spill-cost-time-limit,none,2,2025-04-08 00:00:00,2025-04-15 23:00:00,2025-04-14 23:00:00,168,24,ok,optimal,True,,1800,0.05,9.118215299997246,5.4853899200679734e-12,100.0
papanasam-servalar-topology-v3-spill-cost-time-limit,none,3,2025-04-15 00:00:00,2025-04-22 23:00:00,2025-04-21 23:00:00,168,24,ok,optimal,True,,1800,0.05,9.83263230000739,6.139089236967266e-12,100.0
papanasam-servalar-topology-v3-spill-cost-time-limit,none,4,2025-04-22 00:00:00,2025-04-29 23:00:00,2025-04-28 23:00:00,168,24,ok,optimal,True,,1800,0.05,9.821655000007013,7.503331289626658e-12,100.0
papanasam-servalar-topology-v3-spill-cost-time-limit,none,5,2025-04-29 00:00:00,2025-05-06 23:00:00,2025-05-05 23:00:00,168,24,ok,optimal,True,,1800,0.05,13.304155100006028,6.821210263296962e-12,100.0
papanasam-servalar-topology-v3-spill-cost-time-limit,none,6,2025-05-06 00:00:00,2025-05-13 23:00:00,2025-05-12 23:00:00,168,24,ok,optimal,True,,1800,0.05,13.316050599998562,9.094947017729282e-12,100.0
papanasam-servalar-topology-v3-spill-cost-time-limit,none,7,2025-05-13 00:00:00,2025-05-20 23:00:00,2025-05-19 23:00:00,168,24,ok,optimal,True,,1800,0.05,13.925483800005168,8.412825991399586e-12,100.0
papanasam-servalar-topology-v3-spill-cost-time-limit,none,8,2025-05-20 00:00:00,2025-05-27 23:00:00,2025-05-26 23:00:00,168,24,ok,optimal,True,,1800,0.05,13.290247800003272,7.275957614183426e-12,100.0
papanasam-servalar-topology-v3-spill-cost-time-limit,none,9,2025-05-27 00:00:00,2025-06-03 23:00:00,2025-06-02 23:00:00,168,24,ok,optimal,True,,1800,0.05,13.047267700007069,6.366462912410498e-12,100.0
papanasam-servalar-topology-v3-spill-cost-time-limit,none,10,2025-06-03 00:00:00,2025-06-10 23:00:00,2025-06-09 23:00:00,168,24,ok,optimal,True,,1800,0.05,14.02238289998786,7.275957614183426e-12,100.0
papanasam-servalar-topology-v3-spill-cost-time-limit,none,11,2025-06-10 00:00:00,2025-06-17 23:00:00,2025-06-16 23:00:00,168,24,ok,optimal,True,,1800,0.05,12.665059600010864,5.9117155615240335e-12,100.0
papanasam-servalar-topology-v3-spill-cost-time-limit,none,12,2025-06-17 00:00:00,2025-06-24 23:00:00,2025-06-23 23:00:00,168,24,ok,optimal,True,,1800,0.05,12.822943300008774,5.9117155615240335e-12,100.0
papanasam-servalar-topology-v3-spill-cost-time-limit,none,13,2025-06-24 00:00:00,2025-07-01 23:00:00,2025-06-30 23:00:00,168,24,ok,optimal,True,,1800,0.05,13.023928800001158,5.4569682106375694e-12,100.0
papanasam-servalar-topology-v3-spill-cost-time-limit,none,14,2025-07-01 00:00:00,2025-07-08 23:00:00,2025-07-07 23:00:00,168,24,ok,optimal,True,,1800,0.05,12.908682200009935,9.094947017729282e-12,100.0
papanasam-servalar-topology-v3-spill-cost-time-limit,none,15,2025-07-08 00:00:00,2025-07-15 23:00:00,2025-07-14 23:00:00,168,24,ok,optimal,True,,1800,0.05,12.75622119999025,7.275957614183426e-12,100.0
papanasam-servalar-topology-v3-spill-cost-time-limit,none,16,2025-07-15 00:00:00,2025-07-22 23:00:00,2025-07-21 23:00:00,168,24,ok,optimal,True,,1800,0.05,13.045957800000906,5.7127635955112055e-12,100.0
papanasam-servalar-topology-v3-spill-cost-time-limit,none,17,2025-07-22 00:00:00,2025-07-29 23:00:00,2025-07-28 23:00:00,168,24,ok,optimal,True,,1800,0.05,13.542957099998603,8.185452315956354e-12,100.0
papanasam-servalar-topology-v3-spill-cost-time-limit,none,18,2025-07-29 00:00:00,2025-08-05 23:00:00,2025-08-04 23:00:00,168,24,ok,optimal,True,,1800,0.05,12.773373499992886,6.536993168992922e-12,100.0
papanasam-servalar-topology-v3-spill-cost-time-limit,none,19,2025-08-05 00:00:00,2025-08-12 23:00:00,2025-08-11 23:00:00,168,24,ok,optimal,True,,1800,0.05,13.964445599995088,5.229594535194337e-12,100.0
papanasam-servalar-topology-v3-spill-cost-time-limit,none,20,2025-08-12 00:00:00,2025-08-19 23:00:00,2025-08-18 23:00:00,168,24,ok,optimal,True,,1800,0.05,13.777884299997822,6.821210263296962e-12,100.0
papanasam-servalar-topology-v3-spill-cost-time-limit,none,21,2025-08-19 00:00:00,2025-08-26 23:00:00,2025-08-25 23:00:00,168,24,ok,optimal,True,,1800,0.05,13.839745499994024,6.366462912410498e-12,100.0
papanasam-servalar-topology-v3-spill-cost-time-limit,none,22,2025-08-26 00:00:00,2025-09-02 23:00:00,2025-09-01 23:00:00,168,24,ok,optimal,True,,1800,0.05,12.888689800005523,4.661160346586257e-12,100.0
papanasam-servalar-topology-v3-spill-cost-time-limit,none,23,2025-09-02 00:00:00,2025-09-09 23:00:00,2025-09-08 23:00:00,168,24,ok,optimal,True,,1800,0.05,12.496309800000745,6.366462912410498e-12,100.0
papanasam-servalar-topology-v3-spill-cost-time-limit,none,24,2025-09-09 00:00:00,2025-09-16 23:00:00,2025-09-15 23:00:00,168,24,ok,optimal,True,,1800,0.05,12.730485699998098,7.275957614183426e-12,100.0
papanasam-servalar-topology-v3-spill-cost-time-limit,none,25,2025-09-16 00:00:00,2025-09-23 23:00:00,2025-09-22 23:00:00,168,24,ok,optimal,True,,1800,0.05,12.683965600008378,5.4569682106375694e-12,100.0
papanasam-servalar-topology-v3-spill-cost-time-limit,none,26,2025-09-23 00:00:00,2025-09-30 23:00:00,2025-09-29 23:00:00,168,24,ok,optimal,True,,1800,0.05,12.649666199999047,5.4569682106375694e-12,100.0
papanasam-servalar-topology-v3-spill-cost-time-limit,none,27,2025-09-30 00:00:00,2025-10-07 23:00:00,2025-10-06 23:00:00,168,24,ok,optimal,True,,1800,0.05,12.555121500001405,5.4569682106375694e-12,100.0
papanasam-servalar-topology-v3-spill-cost-time-limit,none,28,2025-10-07 00:00:00,2025-10-14 23:00:00,2025-10-13 23:00:00,168,24,ok,optimal,True,,1800,0.05,12.473216300000786,5.4569682106375694e-12,100.0
papanasam-servalar-topology-v3-spill-cost-time-limit,none,29,2025-10-14 00:00:00,2025-10-21 23:00:00,2025-10-20 23:00:00,168,24,ok,optimal,True,,1800,0.05,12.60548949999793,6.366462912410498e-12,100.0
papanasam-servalar-topology-v3-spill-cost-time-limit,none,30,2025-10-21 00:00:00,2025-10-28 23:00:00,2025-10-27 23:00:00,168,24,ok,optimal,True,,1800,0.05,14.313366499991389,6.366462912410498e-12,100.0
papanasam-servalar-topology-v3-spill-cost-time-limit,none,31,2025-10-28 00:00:00,2025-11-04 23:00:00,2025-11-03 23:00:00,168,24,ok,optimal,True,,1800,0.05,13.215084199997364,4.547473508864641e-12,100.0
papanasam-servalar-topology-v3-spill-cost-time-limit,none,32,2025-11-04 00:00:00,2025-11-11 23:00:00,2025-11-10 23:00:00,168,24,ok,optimal,True,,1800,0.05,12.490311899993685,6.821210263296962e-12,100.0
papanasam-servalar-topology-v3-spill-cost-time-limit,none,33,2025-11-11 00:00:00,2025-11-18 23:00:00,2025-11-17 23:00:00,168,24,ok,optimal,True,,1800,0.05,12.49337869998999,6.366462912410498e-12,100.0
papanasam-servalar-topology-v3-spill-cost-time-limit,none,34,2025-11-18 00:00:00,2025-11-25 23:00:00,2025-11-24 23:00:00,168,24,ok,optimal,True,,1800,0.05,12.556651499995496,9.094947017729282e-12,100.0
papanasam-servalar-topology-v3-spill-cost-time-limit,none,35,2025-11-25 00:00:00,2025-12-02 23:00:00,2025-12-01 23:00:00,168,24,ok,optimal,True,,1800,0.05,12.881764299992938,5.9117155615240335e-12,100.0
papanasam-servalar-topology-v3-spill-cost-time-limit,none,36,2025-12-02 00:00:00,2025-12-09 23:00:00,2025-12-08 23:00:00,168,24,ok,optimal,True,,1800,0.05,12.69478109999909,5.9117155615240335e-12,100.0
papanasam-servalar-topology-v3-spill-cost-time-limit,none,37,2025-12-09 00:00:00,2025-12-16 23:00:00,2025-12-15 23:00:00,168,24,ok,optimal,True,,1800,0.05,12.682346899993718,7.503331289626658e-12,100.0
papanasam-servalar-topology-v3-spill-cost-time-limit,none,38,2025-12-16 00:00:00,2025-12-23 23:00:00,2025-12-22 23:00:00,168,24,ok,optimal,True,,1800,0.05,12.694636100000935,5.6843418860808015e-12,100.0
papanasam-servalar-topology-v3-spill-cost-time-limit,none,39,2025-12-23 00:00:00,2025-12-30 23:00:00,2025-12-29 23:00:00,168,24,ok,optimal,True,,1800,0.05,13.284514200000558,6.59383658785373e-12,100.0
papanasam-servalar-topology-v3-spill-cost-time-limit,none,40,2025-12-30 00:00:00,2026-01-06 23:00:00,2026-01-05 23:00:00,168,24,ok,optimal,True,,1800,0.05,13.63530009999522,5.8832938520936295e-12,100.0
papanasam-servalar-topology-v3-spill-cost-time-limit,none,41,2026-01-06 00:00:00,2026-01-13 23:00:00,2026-01-12 23:00:00,168,24,ok,optimal,True,,1800,0.05,14.842206699991948,5.9117155615240335e-12,100.0
papanasam-servalar-topology-v3-spill-cost-time-limit,none,42,2026-01-13 00:00:00,2026-01-20 23:00:00,2026-01-19 23:00:00,168,24,ok,optimal,True,,1800,0.05,13.26740399999835,5.4569682106375694e-12,100.0
papanasam-servalar-topology-v3-spill-cost-time-limit,none,43,2026-01-20 00:00:00,2026-01-27 23:00:00,2026-01-26 23:00:00,168,24,ok,optimal,True,,1800,0.05,13.53478190000169,6.115996598055062e-12,100.0
papanasam-servalar-topology-v3-spill-cost-time-limit,none,44,2026-01-27 00:00:00,2026-02-03 23:00:00,2026-02-02 23:00:00,168,24,ok,optimal,True,,1800,0.05,13.330218800008879,5.9117155615240335e-12,100.0
papanasam-servalar-topology-v3-spill-cost-time-limit,none,45,2026-02-03 00:00:00,2026-02-10 23:00:00,2026-02-09 23:00:00,168,24,ok,optimal,True,,1800,0.05,12.951804700001958,5.4569682106375694e-12,100.0
papanasam-servalar-topology-v3-spill-cost-time-limit,none,46,2026-02-10 00:00:00,2026-02-17 23:00:00,2026-02-16 23:00:00,168,24,ok,optimal,True,,1800,0.05,13.406240299998899,6.366462912410498e-12,100.0
papanasam-servalar-topology-v3-spill-cost-time-limit,none,47,2026-02-17 00:00:00,2026-02-24 23:00:00,2026-02-23 23:00:00,168,24,ok,optimal,True,,1800,0.05,14.629251199992723,6.139089236967266e-12,100.0
papanasam-servalar-topology-v3-spill-cost-time-limit,none,48,2026-02-24 00:00:00,2026-03-03 23:00:00,2026-03-02 23:00:00,168,24,ok,optimal,True,,1800,0.05,14.634095800007344,5.002220859751105e-12,100.0
papanasam-servalar-topology-v3-spill-cost-time-limit,none,49,2026-03-03 00:00:00,2026-03-10 23:00:00,2026-03-09 23:00:00,168,24,ok,optimal,True,,1800,0.05,13.411598999999114,5.4569682106375694e-12,100.0
papanasam-servalar-topology-v3-spill-cost-time-limit,none,50,2026-03-10 00:00:00,2026-03-17 23:00:00,2026-03-16 23:00:00,168,24,ok,optimal,True,,1800,0.05,12.737961599996197,5.4569682106375694e-12,100.0
papanasam-servalar-topology-v3-spill-cost-time-limit,none,51,2026-03-17 00:00:00,2026-03-24 23:00:00,2026-03-23 23:00:00,168,24,ok,optimal,True,,1800,0.05,12.79044129999238,5.6274984672199935e-12,100.0
papanasam-servalar-topology-v3-spill-cost-time-limit,none,52,2026-03-24 00:00:00,2026-03-31 23:00:00,2026-03-30 23:00:00,168,24,ok,optimal,True,,1800,0.05,16.717086200005724,5.4569682106375694e-12,100.0
papanasam-servalar-topology-v3-spill-cost-time-limit,none,53,2026-03-31 00:00:00,2026-03-31 23:00:00,2026-03-31 23:00:00,24,0,ok,optimal,True,,1800,0.05,4.742168199998559,5.4996007747831754e-12,100.0
