timestamp,balancing_area,demand_mw,relative_to_daily_mean
2025-07-11 00:00:00,Chennai North,1526.5887307119651,0.9928063387513019
2025-07-11 01:00:00,Chennai North,1471.5746157952603,0.9570282926336521
2025-07-11 02:00:00,Chennai North,1431.8393121529864,0.9311867149155597
2025-07-11 03:00:00,Chennai North,1403.1654486922737,0.9125388677072233
2025-07-11 04:00:00,Chennai North,1385.1738880118432,0.9008381816427916
2025-07-11 05:00:00,Chennai North,1390.002138917559,0.9039782009602673
2025-07-11 06:00:00,Chennai North,1409.3969339797984,0.9165914707225782
2025-07-11 07:00:00,Chennai North,1534.9936531020985,0.9982724214347142
2025-07-11 08:00:00,Chennai North,1505.7140217935005,0.9792306173294788
2025-07-11 09:00:00,Chennai North,1530.4090725261929,0.995290871417538
2025-07-11 10:00:00,Chennai North,1540.176333578447,1.0016429415526256
2025-07-11 11:00:00,Chennai North,1572.3408171134,1.0225608891921776
2025-07-11 12:00:00,Chennai North,1559.0267043723345,1.013902148787344
2025-07-11 13:00:00,Chennai North,1574.5934896729043,1.0240258990872553
2025-07-11 14:00:00,Chennai North,1556.5695532143875,1.0123041576612455
2025-07-11 15:00:00,Chennai North,1627.6377940912832,1.0585228926794061
2025-07-11 16:00:00,Chennai North,1695.9907295796986,1.1029757477673043
2025-07-11 17:00:00,Chennai North,1679.1433970563842,1.092019202508126
2025-07-11 18:00:00,Chennai North,1637.9102876805214,1.065203537272807
2025-07-11 19:00:00,Chennai North,1623.5797459063665,1.0558837693321084
2025-07-11 20:00:00,Chennai North,1561.9976080088672,1.015834255256382
2025-07-11 21:00:00,Chennai North,1569.378433418469,1.0206343236077655
2025-07-11 22:00:00,Chennai North,1586.6926587415594,1.0318945093444412
2025-07-11 23:00:00,Chennai North,1529.706177344048,0.9948337484359046
2025-07-11 00:00:00,Chennai South,1897.1241414968997,0.9930597620539339
2025-07-11 01:00:00,Chennai South,1831.182255726112,0.9585421298333789
2025-07-11 02:00:00,Chennai South,1783.5540996099292,0.9336109171914457
2025-07-11 03:00:00,Chennai South,1749.1845813181906,0.9156200093166602
2025-07-11 04:00:00,Chennai South,1727.619253201517,0.9043315231603135
2025-07-11 05:00:00,Chennai South,1733.406567424048,0.9073609236929657
2025-07-11 06:00:00,Chennai South,1756.6538624587574,0.9195298444138577
2025-07-11 07:00:00,Chennai South,1907.198582083677,0.9983332817741761
2025-07-11 08:00:00,Chennai South,1872.102968783606,0.9799622955901061
2025-07-11 09:00:00,Chennai South,1901.7033398335557,0.995456767875076
2025-07-11 10:00:00,Chennai South,1913.4107282660764,1.001585062864722
2025-07-11 11:00:00,Chennai South,1951.964228624113,1.0217660984935708
2025-07-11 12:00:00,Chennai South,1936.005456900892,1.0134123942190418
2025-07-11 13:00:00,Chennai South,1954.6643625228908,1.0231794980009528
2025-07-11 14:00:00,Chennai South,1933.060227640652,1.0118706982359522
2025-07-11 15:00:00,Chennai South,2018.2451629782572,1.0564612075055217
2025-07-11 16:00:00,Chennai South,2100.1754361617764,1.0993480464914207
2025-07-11 17:00:00,Chennai South,2079.981620838619,1.0887774860303892
2025-07-11 18:00:00,Chennai South,2030.558141199725,1.0629065017038963
2025-07-11 19:00:00,Chennai South,2013.3810412839011,1.0539150570313693
2025-07-11 20:00:00,Chennai South,1939.5664882568065,1.0152764350973476
2025-07-11 21:00:00,Chennai South,1948.4134095749264,1.019907403301753
2025-07-11 22:00:00,Chennai South,1969.166859306756,1.0307709073823175
2025-07-11 23:00:00,Chennai South,1900.8608245285284,0.99501574873983
2025-07-11 00:00:00,Coimbatore,2776.10967860931,0.9926520497702936
2025-07-11 01:00:00,Coimbatore,2673.904613521108,0.9561066394291816
2025-07-11 02:00:00,Coimbatore,2600.084480247911,0.9297108139426815
2025-07-11 03:00:00,Coimbatore,2546.8142588552823,0.9106630094324506
2025-07-11 04:00:00,Coimbatore,2513.3895889652763,0.8987113681356879
2025-07-11 05:00:00,Coimbatore,2522.359499665976,0.9019187342970155
2025-07-11 06:00:00,Coimbatore,2558.3910943705305,0.9148025323023905
2025-07-11 07:00:00,Coimbatore,2791.724319347337,0.9982353684894568
2025-07-11 08:00:00,Coimbatore,2737.328704182307,0.9787851575312455
2025-07-11 09:00:00,Coimbatore,2783.207098687294,0.9951898704633224
2025-07-11 10:00:00,Coimbatore,2801.3526882889905,1.0016781792110652
2025-07-11 11:00:00,Coimbatore,2861.107773655638,1.0230447730565635
2025-07-11 12:00:00,Coimbatore,2836.3728531474635,1.0142003207885086
2025-07-11 13:00:00,Coimbatore,2865.2927822832457,1.0245412043483495
2025-07-11 14:00:00,Coimbatore,2831.80796476546,1.0125680560965609
2025-07-11 15:00:00,Coimbatore,2963.838339070757,1.0597780862679
2025-07-11 16:00:00,Coimbatore,3090.824226804123,1.1051843620795865
2025-07-11 17:00:00,Coimbatore,3059.5253007064302,1.0939928218512307
2025-07-11 18:00:00,Coimbatore,2982.922548232276,1.0666020167085435
2025-07-11 19:00:00,Coimbatore,2956.299308778286,1.057082359247183
2025-07-11 20:00:00,Coimbatore,2841.8921894123905,1.0161738668983642
2025-07-11 21:00:00,Coimbatore,2855.604265713812,1.021076886671715
2025-07-11 22:00:00,Coimbatore,2887.7705839173777,1.032578579830441
2025-07-11 23:00:00,Coimbatore,2781.9012620315543,0.9947229431502651
2025-07-11 00:00:00,Erode,2325.1798549436226,0.9931240758975791
2025-07-11 01:00:00,Erode,2245.1133719598315,0.958926311903286
2025-07-11 02:00:00,Erode,2187.2833765532546,0.9342261319902313
2025-07-11 03:00:00,Erode,2145.551988084445,0.9164019423814604
2025-07-11 04:00:00,Erode,2119.3674172837955,0.9052180644444996
2025-07-11 05:00:00,Erode,2126.394360634048,0.9082193921079347
2025-07-11 06:00:00,Erode,2154.6211717201863,0.9202755457925004
2025-07-11 07:00:00,Erode,2337.4122170664814,0.9983487269298337
2025-07-11 08:00:00,Erode,2294.7992057421875,0.9801479811240094
2025-07-11 09:00:00,Erode,2330.739906819841,0.995498869129067
2025-07-11 10:00:00,Erode,2344.954990385625,1.0015703743935138
2025-07-11 11:00:00,Erode,2391.766560062478,1.0215643962657561
2025-07-11 12:00:00,Erode,2372.389456880125,1.0132881041541453
2025-07-11 13:00:00,Erode,2395.045056307064,1.0229646980730833
2025-07-11 14:00:00,Erode,2368.813366422717,1.0117606947697535
2025-07-11 15:00:00,Erode,2472.2447150406733,1.055937992408322
2025-07-11 16:00:00,Erode,2571.724260507533,1.0984274073464546
2025-07-11 17:00:00,Erode,2547.204977322798,1.0879548022261505
2025-07-11 18:00:00,Erode,2487.195104307303,1.0623235593110987
2025-07-11 19:00:00,Erode,2466.338709892049,1.0534154366184965
2025-07-11 20:00:00,Erode,2376.713252797247,1.0151348713259114
2025-07-11 21:00:00,Erode,2387.455163904224,1.0197229252430347
2025-07-11 22:00:00,Erode,2412.653953874901,1.030485759330969
2025-07-11 23:00:00,Erode,2329.7169267132667,0.995061936832908
2025-07-11 00:00:00,Madurai,1770.328413404123,0.9927106558515388
2025-07-11 01:00:00,Madurai,1705.675775761466,0.9564567258853123
2025-07-11 02:00:00,Madurai,1658.978810957169,0.9302714293007018
2025-07-11 03:00:00,Madurai,1625.2812606658056,0.9113755470468518
2025-07-11 04:00:00,Madurai,1604.137562270241,0.8995192301383818
2025-07-11 05:00:00,Madurai,1609.811727104624,0.9027010148578164
2025-07-11 06:00:00,Madurai,1632.6045078157397,0.9154820537413892
2025-07-11 07:00:00,Madurai,1780.2058858041914,0.9982494429094569
2025-07-11 08:00:00,Madurai,1745.7964365897212,0.978954363737393
2025-07-11 09:00:00,Madurai,1774.8180825619445,0.9952282352907386
2025-07-11 10:00:00,Madurai,1786.2965765907718,1.001664794320842
2025-07-11 11:00:00,Madurai,1824.096306752696,1.0228609716153705
2025-07-11 12:00:00,Madurai,1808.4495494089688,1.0140870612905772
2025-07-11 13:00:00,Madurai,1826.74364958349,1.0243454676094037
2025-07-11 14:00:00,Madurai,1805.5619031442147,1.0124678152819573
2025-07-11 15:00:00,Madurai,1889.0813641456648,1.0593013057684424
2025-07-11 16:00:00,Madurai,1969.409795796986,1.1043454283528915
2025-07-11 17:00:00,Madurai,1949.61079536729,1.0932431500677144
2025-07-11 18:00:00,Madurai,1901.1536079092357,1.0660708096262548
2025-07-11 19:00:00,Madurai,1884.312342245865,1.0566270794372856
2025-07-11 20:00:00,Madurai,1811.940958051548,1.0160448667108473
2025-07-11 21:00:00,Madurai,1820.614910753199,1.020908780779042
2025-07-11 22:00:00,Madurai,1840.9626040237704,1.0323187382641923
2025-07-11 23:00:00,Madurai,1773.9920395077063,0.9947650321155957
2025-07-11 00:00:00,Tirunelveli,1503.1039243555654,0.9928768785204914
2025-07-11 01:00:00,Tirunelveli,1449.471108510715,0.957449665591665
2025-07-11 02:00:00,Tirunelveli,1410.733482248583,0.9318614858116614
2025-07-11 03:00:00,Tirunelveli,1382.7795645880476,0.9133964960930625
2025-07-11 04:00:00,Tirunelveli,1365.2397375419168,0.9018105448855849
2025-07-11 05:00:00,Tirunelveli,1369.9467603136377,0.9049197737293023
2025-07-11 06:00:00,Tirunelveli,1388.8545892134866,0.9174093600004114
2025-07-11 07:00:00,Tirunelveli,1511.2978152401647,0.9982893617644072
2025-07-11 08:00:00,Tirunelveli,1482.7533394023408,0.9794342782205244
2025-07-11 09:00:00,Tirunelveli,1506.828344702909,0.9953370482990742
2025-07-11 10:00:00,Tirunelveli,1516.350368534743,1.0016268311585013
2025-07-11 11:00:00,Tirunelveli,1547.707263484098,1.022339661105212
2025-07-11 12:00:00,Tirunelveli,1534.7274426170293,1.0137658267765075
2025-07-11 13:00:00,Tirunelveli,1549.90337574957,1.023790305372512
2025-07-11 14:00:00,Tirunelveli,1532.3319858191394,1.0121835052686057
2025-07-11 15:00:00,Tirunelveli,1601.61583926546,1.0579490275502048
2025-07-11 16:00:00,Tirunelveli,1668.2525634417127,1.101965985807642
2025-07-11 17:00:00,Tirunelveli,1651.8282351749042,1.0911168784923668
2025-07-11 18:00:00,Tirunelveli,1611.6304102128104,1.0645641629249532
2025-07-11 19:00:00,Tirunelveli,1597.6596808991806,1.0553357829794223
2025-07-11 20:00:00,Tirunelveli,1537.6237525526196,1.0156789873514223
2025-07-11 21:00:00,Tirunelveli,1544.8192595706917,1.020431987081989
2025-07-11 22:00:00,Tirunelveli,1561.6987578531878,1.0315817574299722
2025-07-11 23:00:00,Tirunelveli,1506.143097872722,0.9948844077845045
2025-07-11 00:00:00,Trichy,2169.953498600042,0.9929680975407075
2025-07-11 01:00:00,Trichy,2093.525127061777,0.9579945671247575
2025-07-11 02:00:00,Trichy,2038.3228475275955,0.9327340707480701
2025-07-11 03:00:00,Trichy,1998.4876762568963,0.9145055445343087
2025-07-11 04:00:00,Trichy,1973.4928965295644,0.9030679635491354
2025-07-11 05:00:00,Trichy,1980.2005451877449,0.9061373754657419
2025-07-11 06:00:00,Trichy,2007.1447685960404,0.9184670195224962
2025-07-11 07:00:00,Trichy,2181.630038923485,0.9983112682760741
2025-07-11 08:00:00,Trichy,2140.9533045336807,0.9796976437964386
2025-07-11 09:00:00,Trichy,2175.2609093258725,0.9953967622723227
2025-07-11 10:00:00,Trichy,2188.830078942491,1.0016059978841059
2025-07-11 11:00:00,Trichy,2233.5145949374823,1.0220535783809688
2025-07-11 12:00:00,Trichy,2215.0179608133635,1.013589540967733
2025-07-11 13:00:00,Trichy,2236.64412079812,1.0234856456312795
2025-07-11 14:00:00,Trichy,2211.6043630137888,1.0120274827416007
2025-07-11 15:00:00,Trichy,2310.335932657946,1.0572069296468067
2025-07-11 16:00:00,Trichy,2405.295263679619,1.1006602047189047
2025-07-11 17:00:00,Trichy,2381.890103177262,1.0899500315692707
2025-07-11 18:00:00,Trichy,2324.606996690358,1.0637373512946844
2025-07-11 19:00:00,Trichy,2304.6982883031,1.054627150405798
2025-07-11 20:00:00,Trichy,2219.145289359521,1.0154782015206192
2025-07-11 21:00:00,Trichy,2229.399102722114,1.0201703341187418
2025-07-11 22:00:00,Trichy,2253.4528941517133,1.0311773199965035
2025-07-11 23:00:00,Trichy,2174.284412035772,0.9949499182929332
2025-07-11 00:00:00,Vellore,2175.257258449576,0.9929075393098451
2025-07-11 01:00:00,Vellore,2097.97756474041,0.9576328194019673
2025-07-11 02:00:00,Vellore,2042.160396736072,0.9321547814737394
2025-07-11 03:00:00,Vellore,2001.8815085078888,0.9137692725223583
2025-07-11 04:00:00,Vellore,1976.60831633096,0.9022331919243397
2025-07-11 05:00:00,Vellore,1983.3906803062716,0.9053290373923972
2025-07-11 06:00:00,Vellore,2010.6350306740133,0.9177648634440756
2025-07-11 07:00:00,Vellore,2187.063861699347,0.9982967250416942
2025-07-11 08:00:00,Vellore,2145.934036328682,0.9795228013862741
2025-07-11 09:00:00,Vellore,2180.623787488803,0.9953571195249096
2025-07-11 10:00:00,Vellore,2194.3441016961388,1.0016198286206943
2025-07-11 11:00:00,Vellore,2239.5263506454885,1.0222435021887388
2025-07-11 12:00:00,Vellore,2220.82368577127,1.0137065731029198
2025-07-11 13:00:00,Vellore,2242.690735743552,1.023687902297711
2025-07-11 14:00:00,Vellore,2217.3720645069684,1.0121310625453273
2025-07-11 15:00:00,Vellore,2317.2033877179524,1.0576995915505423
2025-07-11 16:00:00,Vellore,2413.220454004758,1.1015270830567807
2025-07-11 17:00:00,Vellore,2389.5545875414064,1.0907246746775023
2025-07-11 18:00:00,Vellore,2331.633414619369,1.064286252713127
2025-07-11 19:00:00,Vellore,2311.502946635473,1.055097595438956
2025-07-11 20:00:00,Vellore,2224.996987903247,1.0156114986626723
2025-07-11 21:00:00,Vellore,2235.3650166871053,1.0203440395643457
2025-07-11 22:00:00,Vellore,2259.6867390633683,1.031445816801308
2025-07-11 23:00:00,Vellore,2179.636413167357,0.9949064273577757
2025-07-11 00:00:00,Villupuram,1855.3844994288925,0.9924191914810936
2025-07-11 01:00:00,Villupuram,1784.8955669233192,0.9547156484003579
2025-07-11 02:00:00,Villupuram,1733.9831939664975,0.927483332930575
2025-07-11 03:00:00,Villupuram,1697.2437130311694,0.9078318989682365
2025-07-11 04:00:00,Villupuram,1674.1913398648844,0.8955015073181786
2025-07-11 05:00:00,Villupuram,1680.377720446091,0.8988105156754679
2025-07-11 06:00:00,Villupuram,1705.2280411714453,0.912102604301784
2025-07-11 07:00:00,Villupuram,1866.153626733216,0.9981794468974795
2025-07-11 08:00:00,Villupuram,1828.637982643973,0.9781128541311827
2025-07-11 09:00:00,Villupuram,1860.2794580535844,0.9950374363150596
2025-07-11 10:00:00,Villupuram,1872.7941337167133,1.0017313611091243
2025-07-11 11:00:00,Villupuram,1914.0061047246024,1.0237750673918817
2025-07-11 12:00:00,Villupuram,1896.946890088549,1.0146503323293512
2025-07-11 13:00:00,Villupuram,1916.8924273391624,1.025318920946968
2025-07-11 14:00:00,Villupuram,1893.798571472668,1.012966340781368
2025-07-11 15:00:00,Villupuram,1984.8574650320045,1.0616724680294591
2025-07-11 16:00:00,Villupuram,2072.4372700237905,1.1085176795135336
2025-07-11 17:00:00,Villupuram,2050.850982814901,1.096971476715397
2025-07-11 18:00:00,Villupuram,1998.0194891483984,1.068712650447641
2025-07-11 19:00:00,Villupuram,1979.657936055776,1.0588913127787498
2025-07-11 20:00:00,Villupuram,1900.7534736577516,1.0166864205844897
2025-07-11 21:00:00,Villupuram,1910.2104376554555,1.021744818219781
2025-07-11 22:00:00,Villupuram,1932.3949490673629,1.0336110027683665
2025-07-11 23:00:00,Villupuram,1859.3788467990412,0.9945557119644747
