date,generation_gwh,demand_gwh,generation_minus_demand_gwh,generation_to_demand_pct,balance_difference_pct
2025-04-01,314.3400,408.6411,-94.3011,76.9233,-23.0767
2025-04-02,307.9000,415.2519,-107.3519,74.1478,-25.8522
2025-04-03,303.4400,388.5378,-85.0978,78.0979,-21.9021
2025-04-04,300.6800,377.6135,-76.9335,79.6264,-20.3736
2025-04-05,301.3400,362.6304,-61.2904,83.0984,-16.9016
2025-04-06,299.8100,338.2674,-38.4574,88.6311,-11.3689
2025-04-07,304.5700,366.3053,-61.7353,83.1465,-16.8535
2025-04-08,315.8900,398.8042,-82.9142,79.2093,-20.7907
2025-04-09,321.1000,404.7759,-83.6759,79.3278,-20.6722
2025-04-10,259.2200,409.3083,-150.0883,63.3312,-36.6688
2025-04-11,313.8700,394.0447,-80.1747,79.6534,-20.3466
2025-04-12,313.2600,377.3835,-64.1235,83.0084,-16.9916
2025-04-13,286.9200,364.6399,-77.7199,78.6858,-21.3142
2025-04-14,281.0300,364.6689,-83.6389,77.0644,-22.9356
2025-04-15,302.4800,382.4030,-79.9230,79.0998,-20.9002
2025-04-16,310.6000,392.5066,-81.9066,79.1324,-20.8676
2025-04-17,310.4600,402.6891,-92.2291,77.0967,-22.9033
2025-04-18,320.3700,407.8339,-87.4639,78.5540,-21.4460
2025-04-19,321.1800,407.9024,-86.7224,78.7394,-21.2606
2025-04-20,325.8600,385.9042,-60.0442,84.4406,-15.5594
2025-04-21,325.9100,412.2997,-86.3897,79.0469,-20.9531
2025-04-22,314.6200,429.5695,-114.9495,73.2408,-26.7592
2025-04-23,323.3500,429.9599,-106.6099,75.2047,-24.7953
2025-04-24,332.5600,438.1451,-105.5851,75.9018,-24.0982
2025-04-25,331.7400,440.2244,-108.4844,75.3570,-24.6430
2025-04-26,307.9100,441.3675,-133.4575,69.7627,-30.2373
2025-04-27,272.9200,401.9141,-128.9941,67.9051,-32.0949
2025-04-28,265.4300,419.2509,-153.8209,63.3105,-36.6895
2025-04-29,274.7100,432.0628,-157.3528,63.5810,-36.4190
2025-04-30,291.7400,423.8864,-132.1464,68.8250,-31.1750
2025-05-01,288.5400,384.2537,-95.7137,75.0910,-24.9090
2025-05-02,263.0600,400.4023,-137.3423,65.6989,-34.3011
2025-05-03,278.8700,406.8168,-127.9468,68.5493,-31.4507
2025-05-04,265.7600,366.3671,-100.6071,72.5393,-27.4607
2025-05-05,252.1700,366.2270,-114.0570,68.8562,-31.1438
2025-05-06,260.8700,399.1216,-138.2516,65.3610,-34.6390
2025-05-07,269.6200,379.3671,-109.7471,71.0710,-28.9290
2025-05-08,280.0500,388.9325,-108.8825,72.0048,-27.9952
2025-05-09,276.6400,401.5044,-124.8644,68.9009,-31.0991
2025-05-10,293.3600,408.6233,-115.2633,71.7923,-28.2077
2025-05-11,307.9900,379.7726,-71.7826,81.0985,-18.9015
2025-05-12,336.8800,406.7490,-69.8690,82.8226,-17.1774
2025-05-13,323.5300,418.4597,-94.9297,77.3145,-22.6855
2025-05-14,308.9500,422.9734,-114.0234,73.0424,-26.9576
2025-05-15,294.4500,418.1493,-123.6993,70.4174,-29.5826
2025-05-16,310.3500,415.1257,-104.7757,74.7605,-25.2395
2025-05-17,283.6200,371.9839,-88.3639,76.2452,-23.7548
2025-05-18,292.2100,330.7174,-38.5074,88.3564,-11.6436
2025-05-19,280.4400,344.0627,-63.6227,81.5084,-18.4916
2025-05-20,344.2400,345.1684,-0.9284,99.7310,-0.2690
2025-05-21,343.5500,358.0654,-14.5154,95.9461,-4.0539
2025-05-22,328.4700,376.1381,-47.6681,87.3270,-12.6730
2025-05-23,334.6800,383.1768,-48.4968,87.3435,-12.6565
2025-05-24,344.0000,364.2939,-20.2939,94.4292,-5.5708
2025-05-25,320.1900,320.5328,-0.3428,99.8930,-0.1070
2025-05-26,347.9100,325.0707,22.8393,107.0260,7.0260
2025-05-27,373.3900,344.5665,28.8235,108.3652,8.3652
2025-05-28,398.1400,351.5243,46.6157,113.2610,13.2610
2025-05-29,380.5600,360.1231,20.4369,105.6750,5.6750
2025-05-30,381.2600,360.8672,20.3928,105.6511,5.6511
2025-05-31,374.7600,361.5836,13.1764,103.6441,3.6441
2025-06-01,363.3800,340.9829,22.3971,106.5684,6.5684
2025-06-02,418.4200,383.3039,35.1161,109.1614,9.1614
2025-06-03,441.0000,408.1414,32.8586,108.0508,8.0508
2025-06-04,426.2700,409.1862,17.0838,104.1751,4.1751
2025-06-05,387.0600,416.2398,-29.1798,92.9897,-7.0103
2025-06-06,391.5400,428.4022,-36.8622,91.3954,-8.6046
2025-06-07,408.7100,406.0401,2.6699,100.6575,0.6575
2025-06-08,408.4100,357.5203,50.8897,114.2341,14.2341
2025-06-09,419.7700,375.3622,44.4078,111.8307,11.8307
2025-06-10,444.6800,374.9050,69.7750,118.6114,18.6114
2025-06-11,451.9100,371.4292,80.4808,121.6679,21.6679
2025-06-12,445.6400,364.7390,80.9010,122.1805,22.1805
2025-06-13,447.0100,371.9802,75.0298,120.1704,20.1704
2025-06-14,460.3700,368.2199,92.1501,125.0258,25.0258
2025-06-15,455.0900,340.7010,114.3890,133.5746,33.5746
2025-06-16,433.3600,370.1638,63.1962,117.0725,17.0725
2025-06-17,416.4200,389.3680,27.0520,106.9477,6.9477
2025-06-18,419.1100,411.4863,7.6237,101.8527,1.8527
2025-06-19,425.9700,416.0031,9.9669,102.3959,2.3959
2025-06-20,432.3900,426.9081,5.4819,101.2841,1.2841
2025-06-21,438.4700,403.7409,34.7291,108.6018,8.6018
2025-06-22,439.3400,381.0789,58.2611,115.2885,15.2885
2025-06-23,417.7000,380.8598,36.8402,109.6729,9.6729
2025-06-24,436.3200,393.3385,42.9815,110.9274,10.9274
2025-06-25,434.6700,407.6373,27.0327,106.6316,6.6316
2025-06-26,441.2900,410.0817,31.2083,107.6103,7.6103
2025-06-27,444.5700,416.2459,28.3241,106.8047,6.8047
2025-06-28,423.8900,419.9052,3.9848,100.9490,0.9490
2025-06-29,405.9600,383.6584,22.3016,105.8129,5.8129
2025-06-30,426.6600,412.2008,14.4592,103.5078,3.5078
2025-07-01,429.2000,421.3707,7.8293,101.8581,1.8581
2025-07-02,437.7200,414.8034,22.9166,105.5247,5.5247
2025-07-03,415.7600,408.1957,7.5643,101.8531,1.8531
2025-07-04,435.3900,413.8557,21.5343,105.2033,5.2033
2025-07-05,449.1100,413.5796,35.5304,108.5909,8.5909
2025-07-06,451.7200,386.7750,64.9450,116.7914,16.7914
2025-07-07,450.4600,417.9962,32.4638,107.7665,7.7665
2025-07-08,442.1100,423.5131,18.5969,104.3911,4.3911
2025-07-09,432.2300,437.3902,-5.1602,98.8202,-1.1798
2025-07-10,406.0200,430.7011,-24.6811,94.2695,-5.7305
2025-07-11,433.1200,435.0926,-1.9726,99.5466,-0.4534
2025-07-12,439.1600,422.1705,16.9895,104.0243,4.0243
2025-07-13,437.4300,383.6930,53.7370,114.0052,14.0052
2025-07-14,450.7500,404.3433,46.4067,111.4770,11.4770
2025-07-15,431.1500,414.1621,16.9879,104.1018,4.1018
2025-07-16,415.8700,425.2919,-9.4219,97.7846,-2.2154
2025-07-17,408.5100,410.2900,-1.7800,99.5662,-0.4338
2025-07-18,427.6000,404.7575,22.8426,105.6435,5.6435
2025-07-19,434.3400,376.4439,57.8961,115.3797,15.3797
2025-07-20,420.5400,345.2919,75.2481,121.7926,21.7926
2025-07-21,429.3900,366.0122,63.3778,117.3158,17.3158
2025-07-22,420.6000,371.5991,49.0009,113.1865,13.1865
2025-07-23,459.3600,378.3590,81.0010,121.4085,21.4085
2025-07-24,441.2200,382.4487,58.7713,115.3671,15.3671
2025-07-25,441.5700,380.6353,60.9347,116.0087,16.0087
2025-07-26,453.1300,382.8764,70.2536,118.3489,18.3489
2025-07-27,417.1800,352.1814,64.9986,118.4560,18.4560
2025-07-28,396.1500,396.9664,-0.8164,99.7943,-0.2057
2025-07-29,417.5700,408.3179,9.2521,102.2659,2.2659
2025-07-30,408.5600,424.9878,-16.4278,96.1345,-3.8655
2025-07-31,434.8000,429.9853,4.8147,101.1197,1.1197
2025-08-01,377.5500,423.2850,-45.7350,89.1952,-10.8048
2025-08-02,347.0200,399.2483,-52.2283,86.9183,-13.0817
2025-08-03,315.4100,350.5052,-35.0952,89.9873,-10.0127
2025-08-04,304.6600,362.6315,-57.9715,84.0137,-15.9863
2025-08-05,343.0200,357.4014,-14.3814,95.9761,-4.0239
2025-08-06,370.1200,371.5424,-1.4224,99.6172,-0.3828
2025-08-07,384.0300,385.7565,-1.7265,99.5524,-0.4476
2025-08-08,362.5500,390.0956,-27.5456,92.9388,-7.0612
2025-08-09,315.4100,371.6449,-56.2349,84.8686,-15.1314
2025-08-10,330.0400,330.2453,-0.2053,99.9378,-0.0622
2025-08-11,338.4300,335.7275,2.7025,100.8050,0.8050
2025-08-12,384.1700,349.2701,34.8999,109.9923,9.9923
2025-08-13,393.7100,347.1962,46.5138,113.3970,13.3970
2025-08-14,421.4500,350.2837,71.1663,120.3168,20.3168
2025-08-15,407.2700,318.4713,88.7987,127.8828,27.8828
2025-08-16,426.2200,333.2087,93.0113,127.9138,27.9138
2025-08-17,420.0700,314.3122,105.7578,133.6474,33.6474
2025-08-18,424.4800,340.4434,84.0366,124.6844,24.6844
2025-08-19,423.7900,349.8872,73.9028,121.1219,21.1219
2025-08-20,413.7700,383.5405,30.2294,107.8817,7.8817
2025-08-21,361.6900,399.7030,-38.0130,90.4897,-9.5103
2025-08-22,323.9500,407.0417,-83.0917,79.5865,-20.4135
2025-08-23,343.9900,382.7665,-38.7765,89.8694,-10.1306
2025-08-24,367.9900,352.1639,15.8261,104.4940,4.4940
2025-08-25,357.8100,380.6061,-22.7961,94.0106,-5.9894
2025-08-26,435.9400,399.3498,36.5902,109.1624,9.1624
2025-08-27,461.1500,379.8546,81.2954,121.4017,21.4017
2025-08-28,451.1300,385.5862,65.5438,116.9985,16.9985
2025-08-29,440.7800,390.5884,50.1916,112.8503,12.8503
2025-08-30,495.4800,387.7481,107.7319,127.7840,27.7840
2025-08-31,422.5000,358.8408,63.6592,117.7402,17.7402
2025-09-01,412.6000,370.9960,41.6040,111.2141,11.2141
2025-09-02,419.1900,382.5559,36.6341,109.5761,9.5761
2025-09-03,427.3200,387.0368,40.2832,110.4081,10.4081
2025-09-04,448.3800,390.2739,58.1061,114.8886,14.8886
2025-09-05,413.6800,407.0583,6.6217,101.6267,1.6267
2025-09-06,389.2500,387.9274,1.3226,100.3409,0.3409
2025-09-07,369.8000,353.5017,16.2983,104.6105,4.6105
2025-09-08,347.8500,382.1520,-34.3020,91.0240,-8.9760
2025-09-09,324.8800,393.0247,-68.1447,82.6615,-17.3385
2025-09-10,314.6900,385.2475,-70.5575,81.6851,-18.3149
2025-09-11,328.4400,369.8641,-41.4241,88.8002,-11.1998
2025-09-12,323.5600,376.7753,-53.2153,85.8761,-14.1239
2025-09-13,370.7700,376.0975,-5.3275,98.5835,-1.4165
2025-09-14,384.2800,341.9097,42.3702,112.3922,12.3922
2025-09-15,410.9300,377.2544,33.6756,108.9265,8.9265
2025-09-16,382.5400,385.7101,-3.1701,99.1781,-0.8219
2025-09-17,347.6600,370.7457,-23.0857,93.7732,-6.2268
2025-09-18,361.4200,355.2048,6.2152,101.7497,1.7497
2025-09-19,355.1700,348.0873,7.0827,102.0348,2.0348
2025-09-20,368.7900,336.3829,32.4071,109.6340,9.6340
2025-09-21,382.5800,317.9018,64.6782,120.3453,20.3453
2025-09-22,417.6800,344.8729,72.8071,121.1113,21.1113
2025-09-23,428.2800,357.6253,70.6547,119.7566,19.7566
2025-09-24,418.6700,366.3834,52.2866,114.2710,14.2710
2025-09-25,409.6800,371.6678,38.0122,110.2275,10.2275
2025-09-26,446.4800,361.1760,85.3040,123.6184,23.6184
2025-09-27,452.5700,364.2108,88.3592,124.2605,24.2605
2025-09-28,439.0700,341.0345,98.0355,128.7465,28.7465
2025-09-29,439.7000,368.5915,71.1085,119.2920,19.2920
2025-09-30,422.2900,376.7360,45.5540,112.0918,12.0918
2025-10-01,412.1500,333.9615,78.1885,123.4124,23.4124
2025-10-02,381.5000,332.0203,49.4797,114.9026,14.9026
2025-10-03,339.8700,375.5684,-35.6984,90.4948,-9.5052
2025-10-04,288.5500,355.5745,-67.0245,81.1504,-18.8496
2025-10-05,315.3500,329.1052,-13.7552,95.8204,-4.1796
2025-10-06,331.7600,346.9923,-15.2323,95.6102,-4.3898
2025-10-07,329.1300,365.9731,-36.8431,89.9329,-10.0671
2025-10-08,315.4400,376.5780,-61.1380,83.7649,-16.2351
2025-10-09,318.7300,369.7230,-50.9930,86.2078,-13.7922
2025-10-10,316.9100,366.6767,-49.7667,86.4276,-13.5724
2025-10-11,322.6800,367.7414,-45.0614,87.7464,-12.2536
2025-10-12,307.9600,322.1163,-14.1563,95.6052,-4.3948
2025-10-13,313.6000,351.7961,-38.1961,89.1425,-10.8575
2025-10-14,305.2300,357.7992,-52.5692,85.3076,-14.6924
2025-10-15,297.6500,346.4504,-48.8004,85.9142,-14.0858
2025-10-16,289.6800,345.0382,-55.3582,83.9559,-16.0441
2025-10-17,290.2600,335.6884,-45.4284,86.4671,-13.5329
2025-10-18,296.2100,321.9749,-25.7649,91.9979,-8.0021
2025-10-19,271.1400,274.8632,-3.7233,98.6454,-1.3546
2025-10-20,226.3800,221.4853,4.8947,102.2100,2.2100
2025-10-21,215.8300,228.7935,-12.9635,94.3340,-5.6660
2025-10-22,259.4200,268.0570,-8.6370,96.7779,-3.2221
2025-10-23,256.7000,295.2797,-38.5797,86.9345,-13.0655
2025-10-24,263.7900,312.5291,-48.7391,84.4050,-15.5950
2025-10-25,296.5800,315.8162,-19.2362,93.9090,-6.0910
2025-10-26,302.3500,292.0318,10.3182,103.5332,3.5332
2025-10-27,316.4600,315.2276,1.2324,100.3910,0.3910
2025-10-28,350.1800,313.9543,36.2257,111.5385,11.5385
2025-10-29,357.3100,325.4137,31.8963,109.8018,9.8018
2025-10-30,326.1900,346.7747,-20.5847,94.0639,-5.9361
2025-10-31,296.1400,367.5184,-71.3784,80.5783,-19.4217
2025-11-01,285.6500,368.9924,-83.3424,77.4135,-22.5865
2025-11-02,287.5000,337.4052,-49.9052,85.2091,-14.7909
2025-11-03,304.2200,363.8750,-59.6550,83.6056,-16.3944
2025-11-04,329.2900,377.1831,-47.8931,87.3024,-12.6976
2025-11-05,307.0900,375.0908,-68.0008,81.8708,-18.1292
2025-11-06,280.6300,356.3984,-75.7684,78.7405,-21.2595
2025-11-07,274.6400,360.6330,-85.9930,76.1550,-23.8450
2025-11-08,268.3500,358.8421,-90.4921,74.7822,-25.2178
2025-11-09,251.3100,324.5751,-73.2651,77.4274,-22.5726
2025-11-10,268.6900,354.9473,-86.2573,75.6986,-24.3014
2025-11-11,277.3900,370.3178,-92.9278,74.9059,-25.0941
2025-11-12,265.9300,368.1850,-102.2550,72.2273,-27.7727
2025-11-13,269.1200,367.9068,-98.7868,73.1490,-26.8510
2025-11-14,281.2700,362.1438,-80.8738,77.6680,-22.3320
2025-11-15,287.5000,347.7963,-60.2963,82.6633,-17.3367
2025-11-16,275.7500,320.1592,-44.4092,86.1290,-13.8710
2025-11-17,270.6600,336.2700,-65.6100,80.4889,-19.5111
2025-11-18,264.2000,327.0730,-62.8730,80.7771,-19.2229
2025-11-19,275.5900,328.1869,-52.5969,83.9735,-16.0265
2025-11-20,296.0600,338.4786,-42.4186,87.4679,-12.5321
2025-11-21,296.5300,349.5768,-53.0468,84.8254,-15.1746
2025-11-22,265.7300,329.2911,-63.5611,80.6976,-19.3024
2025-11-23,257.3100,288.7134,-31.4034,89.1230,-10.8770
2025-11-24,272.9100,302.8980,-29.9880,90.0996,-9.9004
2025-11-25,296.1100,314.6440,-18.5340,94.1095,-5.8905
2025-11-26,290.8000,322.2616,-31.4616,90.2373,-9.7627
2025-11-27,298.9400,324.0186,-25.0786,92.2601,-7.7399
2025-11-28,277.2500,327.6761,-50.4261,84.6110,-15.3890
2025-11-29,256.3000,306.0769,-49.7769,83.7371,-16.2629
2025-11-30,248.8600,265.1177,-16.2577,93.8678,-6.1322
2025-12-01,238.2900,290.4060,-52.1160,82.0541,-17.9459
2025-12-02,242.5900,319.0278,-76.4378,76.0404,-23.9596
2025-12-03,243.9900,316.1294,-72.1394,77.1804,-22.8196
2025-12-04,255.2600,315.8704,-60.6104,80.8116,-19.1884
2025-12-05,270.0300,318.9514,-48.9214,84.6618,-15.3382
2025-12-06,270.8100,311.7536,-40.9436,86.8667,-13.1333
2025-12-07,275.3500,285.1528,-9.8028,96.5623,-3.4377
2025-12-08,295.0200,310.8642,-15.8442,94.9032,-5.0968
2025-12-09,293.8300,325.4716,-31.6416,90.2782,-9.7218
2025-12-10,290.4700,331.8601,-41.3901,87.5279,-12.4721
2025-12-11,316.4100,336.7189,-20.3089,93.9686,-6.0314
2025-12-12,304.9000,339.9096,-35.0096,89.7003,-10.2997
2025-12-13,298.8000,335.5679,-36.7679,89.0431,-10.9569
2025-12-14,287.6300,299.8452,-12.2152,95.9262,-4.0738
2025-12-15,301.3000,323.1590,-21.8590,93.2358,-6.7642
2025-12-16,277.5100,339.3454,-61.8354,81.7780,-18.2220
2025-12-17,291.2900,326.7195,-35.4295,89.1560,-10.8440
2025-12-18,318.2600,329.3779,-11.1179,96.6246,-3.3754
2025-12-19,305.7300,339.9530,-34.2230,89.9330,-10.0670
2025-12-20,283.2000,331.2975,-48.0975,85.4821,-14.5179
2025-12-21,269.5300,312.0475,-42.5175,86.3747,-13.6253
2025-12-22,276.4100,332.9959,-56.5859,83.0070,-16.9930
2025-12-23,276.5600,348.7269,-72.1669,79.3056,-20.6944
2025-12-24,277.3100,351.0718,-73.7618,78.9895,-21.0105
2025-12-25,283.1100,343.4087,-60.2987,82.4411,-17.5589
2025-12-26,282.7000,346.3976,-63.6976,81.6114,-18.3886
2025-12-27,283.7800,344.2641,-60.4841,82.4309,-17.5691
2025-12-28,276.6000,317.6726,-41.0726,87.0708,-12.9292
2025-12-29,283.1600,338.4805,-55.3205,83.6562,-16.3438
2025-12-30,281.5600,358.3465,-76.7865,78.5720,-21.4280
2025-12-31,268.8100,370.0170,-101.2070,72.6480,-27.3520
2026-01-01,264.1600,342.8886,-78.7286,77.0396,-22.9604
2026-01-02,268.2000,356.8076,-88.6076,75.1666,-24.8334
2026-01-03,306.7500,347.7325,-40.9825,88.2144,-11.7856
2026-01-04,312.4000,317.6222,-5.2222,98.3559,-1.6441
2026-01-05,317.6100,341.9625,-24.3525,92.8786,-7.1214
2026-01-06,286.1900,354.2742,-68.0842,80.7821,-19.2179
2026-01-07,306.4700,351.1437,-44.6737,87.2777,-12.7223
2026-01-08,313.5200,347.7606,-34.2407,90.1540,-9.8460
2026-01-09,300.8600,351.6262,-50.7662,85.5625,-14.4375
2026-01-10,279.7400,340.7136,-60.9736,82.1041,-17.8959
2026-01-11,259.6100,306.9235,-47.3135,84.5846,-15.4154
2026-01-12,288.3500,323.4316,-35.0816,89.1533,-10.8467
2026-01-13,304.0200,328.1339,-24.1139,92.6512,-7.3488
2026-01-14,311.0400,323.9862,-12.9462,96.0041,-3.9959
2026-01-15,289.7900,262.7782,27.0118,110.2793,10.2793
2026-01-16,283.1500,256.3512,26.7988,110.4539,10.4539
2026-01-17,287.8900,267.0866,20.8034,107.7890,7.7890
2026-01-18,292.0100,283.0042,9.0058,103.1822,3.1822
2026-01-19,321.2900,326.5097,-5.2197,98.4014,-1.5986
2026-01-20,335.8000,339.5931,-3.7931,98.8831,-1.1169
2026-01-21,334.3700,341.9801,-7.6101,97.7747,-2.2253
2026-01-22,334.6300,341.9459,-7.3159,97.8605,-2.1395
2026-01-23,321.1800,347.5860,-26.4060,92.4030,-7.5970
2026-01-24,316.0500,345.9491,-29.8991,91.3574,-8.6426
2026-01-25,312.3500,313.7533,-1.4033,99.5527,-0.4473
2026-01-26,302.0200,291.6619,10.3581,103.5514,3.5514
2026-01-27,338.2100,322.7848,15.4252,104.7788,4.7788
2026-01-28,345.9100,335.0875,10.8225,103.2298,3.2298
2026-01-29,336.3700,342.3723,-6.0023,98.2468,-1.7532
2026-01-30,344.9600,347.6053,-2.6453,99.2390,-0.7610
2026-01-31,348.9800,341.4963,7.4837,102.1914,2.1914
2026-02-01,318.2700,317.7072,0.5628,100.1772,0.1772
2026-02-02,343.2900,336.5466,6.7434,102.0037,2.0037
2026-02-03,354.5700,354.8710,-0.3010,99.9152,-0.0848
2026-02-04,367.6200,352.8988,14.7212,104.1715,4.1715
2026-02-05,333.7300,362.4881,-28.7581,92.0665,-7.9335
2026-02-06,357.1700,354.3973,2.7727,100.7824,0.7824
2026-02-07,347.1000,348.0901,-0.9901,99.7156,-0.2844
2026-02-08,333.9800,326.4080,7.5720,102.3198,2.3198
2026-02-09,333.0500,356.5260,-23.4760,93.4153,-6.5847
2026-02-10,341.0900,365.6637,-24.5737,93.2797,-6.7203
2026-02-11,357.0200,360.4762,-3.4562,99.0412,-0.9588
2026-02-12,364.1300,363.2705,0.8595,100.2366,0.2366
2026-02-13,374.4100,371.6132,2.7968,100.7526,0.7526
2026-02-14,375.6900,368.2995,7.3905,102.0067,2.0067
2026-02-15,352.1000,338.6957,13.4043,103.9576,3.9576
2026-02-16,352.7100,361.0584,-8.3484,97.6878,-2.3122
2026-02-17,321.4000,366.5763,-45.1763,87.6762,-12.3238
2026-02-18,318.1100,373.1027,-54.9927,85.2607,-14.7393
2026-02-19,364.7200,378.3127,-13.5927,96.4070,-3.5930
2026-02-20,367.2400,380.7221,-13.4821,96.4588,-3.5412
2026-02-21,356.7200,385.4526,-28.7326,92.5458,-7.4542
2026-02-22,338.9300,357.6373,-18.7073,94.7692,-5.2308
2026-02-23,348.2100,382.8597,-34.6497,90.9498,-9.0502
2026-02-24,358.5300,400.7087,-42.1787,89.4740,-10.5260
2026-02-25,340.2100,398.3795,-58.1695,85.3985,-14.6015
2026-02-26,343.3200,390.2244,-46.9044,87.9801,-12.0199
2026-02-27,343.4400,393.8193,-50.3793,87.2075,-12.7925
2026-02-28,342.0700,387.0423,-44.9723,88.3805,-11.6195
2026-03-01,331.0600,342.8886,-11.8286,96.5503,-3.4497
2026-03-02,341.5300,356.8076,-15.2776,95.7182,-4.2818
2026-03-03,340.5100,347.7325,-7.2225,97.9230,-2.0770
2026-03-04,320.0100,317.6222,2.3878,100.7518,0.7518
2026-03-05,338.7800,341.9625,-3.1825,99.0694,-0.9306
2026-03-06,349.3200,354.2742,-4.9542,98.6016,-1.3984
2026-03-07,337.5200,351.1437,-13.6237,96.1202,-3.8798
2026-03-08,322.9800,347.7606,-24.7806,92.8742,-7.1258
2026-03-09,337.8900,351.6262,-13.7362,96.0935,-3.9065
2026-03-10,361.5700,340.7136,20.8564,106.1214,6.1214
2026-03-11,333.4200,306.9235,26.4965,108.6329,8.6329
2026-03-12,333.8000,323.4316,10.3684,103.2057,3.2057
2026-03-13,348.7900,328.1339,20.6561,106.2950,6.2950
2026-03-14,346.0600,323.9862,22.0738,106.8132,6.8132
2026-03-15,332.2200,262.7782,69.4418,126.4260,26.4260
2026-03-16,339.1900,256.3512,82.8388,132.3146,32.3146
2026-03-17,346.5600,267.0866,79.4734,129.7557,29.7557
2026-03-18,338.0600,283.0042,55.0558,119.4541,19.4541
2026-03-19,326.6600,326.5097,0.1504,100.0460,0.0460
2026-03-20,329.2700,339.5931,-10.3231,96.9602,-3.0398
2026-03-21,328.5400,341.9801,-13.4401,96.0699,-3.9301
2026-03-22,321.2800,341.9459,-20.6659,93.9564,-6.0436
2026-03-23,338.2600,347.5860,-9.3260,97.3169,-2.6831
2026-03-24,357.3200,345.9491,11.3709,103.2869,3.2869
2026-03-25,363.0900,313.7533,49.3367,115.7247,15.7247
2026-03-26,369.7500,291.6619,78.0881,126.7735,26.7735
2026-03-27,365.0200,322.7848,42.2352,113.0846,13.0846
2026-03-28,368.4800,335.0875,33.3925,109.9653,9.9653
2026-03-29,358.4500,342.3723,16.0777,104.6960,4.6960
2026-03-30,368.8800,347.6053,21.2747,106.1204,6.1204
2026-03-31,375.8500,341.4963,34.3537,110.0597,10.0597
