name,carrier,capacity_mw,online_hours,startups,shutdowns,generation_gwh
itpcl_or_cuddalore_tpp__unit_01,coal,600.0,5747.0,71.0,68.0,2494.7305987532336
itpcl_or_cuddalore_tpp__unit_02,coal,600.0,5128.0,83.0,83.0,2249.567609706255
mettur_tps__unit_01,coal,210.0,5394.999999999999,72.0,70.00000000000013,833.7989125080959
mettur_tps__unit_02,coal,210.0,5342.0,88.0,89.0,826.0740517559406
mettur_tps__unit_03,coal,210.0,5428.0,85.0,84.0,835.7175807433466
mettur_tps__unit_04,coal,210.0,4973.0,91.0,90.0,773.5940245549779
mettur_tps__unit_05,coal,600.0,5764.0,83.0,82.00000000000003,2567.817931495029
muthiara_tpp__unit_01,coal,600.0,5254.0,82.0,81.99999999999989,2299.7437585654993
muthiara_tpp__unit_02,coal,600.0,5740.0,81.0,81.00000000000009,2520.7157412889055
neyveli_ext_tps_i__unit_01,coal,210.0,5194.0,79.0,78.0,800.2080471826632
neyveli_ext_tps_i__unit_02,coal,210.0,5224.0,82.0,81.0,809.4579426052661
neyveli_ext_tps_ii__unit_01,coal,250.0,5418.0,82.0,79.0,1001.6519644737467
neyveli_ext_tps_ii__unit_02,coal,250.0,5009.0,90.0,89.0,925.4741388251973
neyveli_new_tpp_neyveli_extension__unit_01,coal,500.0,5247.0,70.0,70.0,1948.9996931331368
neyveli_new_tpp_neyveli_extension__unit_02,coal,500.0,4987.0,84.0,83.0,1853.975010646115
neyveli_tps_z__unit_01,coal,250.0,5113.0,82.0,82.0,958.9325824289822
neyveli_tps_ii__unit_03,coal,210.0,5224.0,99.0,98.0,828.1680080453452
neyveli_tps_ii__unit_02,coal,210.0,5574.0,79.0,77.0,880.9580226388341
neyveli_tps_ii__unit_01,coal,210.0,5306.0,88.0,85.0,843.163190326213
neyveli_tps_ii__unit_04,coal,210.0,5401.0,76.0,72.0,856.1297948486325
neyveli_tps_ii__unit_05,coal,210.0,5320.0,84.0,82.0,843.9583010615653
neyveli_tps_ii__unit_06,coal,210.0,5555.0,84.0,84.0,887.3455474168395
neyveli_tps_ii__unit_07,coal,210.0,5528.0,83.0,83.0,883.657966266989
north_chennai_tps__unit_01,coal,210.0,5251.0,96.0,94.0,793.3861368875741
north_chennai_tps__unit_02,coal,210.0,5657.0,95.0,94.00000000000001,862.9182667839865
north_chennai_tps__unit_03,coal,210.0,5347.0,93.0,91.0,810.004291690566
north_chennai_tps__unit_05,coal,600.0,5735.0,85.0,82.0,2497.6365258301516
north_chennai_tps__unit_04,coal,600.0,5585.0,83.0,83.0,2450.302827236507
north_chennai_tps__unit_06,coal,800.0,5902.0,83.0,83.0,3495.2049774969873
opg_power_generation_private_ltd__unit_01,coal,77.0,5101.000000000001,85.99999999999989,82.99999999999989,291.88975700655334
opg_power_generation_private_ltd__unit_02,coal,77.0,5828.0,89.0,88.0,334.6707252940534
opg_power_generation_private_ltd__unit_03,coal,80.0,5105.0,90.0,86.0,306.2162714848209
opg_power_generation_private_ltd__unit_04,coal,180.0,5685.0,99.0,98.0,764.2343156247698
tcp_limited__unit_01,coal,63.5,5591.0,83.0,83.0,264.3145533068463
tulsyan_nec_limited__unit_01,coal,35.0,5604.0,105.0,105.0,147.0247627565061
tulsyan_nec_limited__unit_02,coal,35.0,4884.0,83.0,83.0,128.0673981305064
tuticorin_p_tpp__unit_01,coal,150.0,5152.0,88.0,89.0,567.9545977426342
tuticorin_p_tpp__unit_02,coal,150.0,5127.0,105.0,105.0,566.5436394750401
tuticorin_joint_venture__unit_01,coal,500.0,5805.0,78.0,75.0,2142.800952255184
tuticorin_joint_venture__unit_02,coal,500.0,5389.0,76.0,74.00000000000001,2004.4649504299582
tuticorin_tps__unit_01,coal,210.0,5458.0,77.99999999999997,78.99999999999997,858.3084394544471
tuticorin_tps__unit_02,coal,210.0,5082.0,99.99999999999989,97.0,798.5202743077032
tuticorin_tps__unit_03,coal,210.0,5582.0,92.99999999999999,92.99999999999999,878.1460742819562
tuticorin_tps__unit_05,coal,210.0,5442.0,81.0,82.0,862.1526188058131
tuticorin_tps__unit_04,coal,210.0,5392.0,90.0,90.0,851.5567496746003
tuticorin_thermal_power_plant__unit_01,coal,525.0,5464.0,76.0,72.99999999999999,2160.7226699020835
vallur_tpp__unit_01,coal,500.0,5187.0,73.0,70.99999999999999,1952.747575779359
vallur_tpp__unit_02,coal,500.0,5966.0,82.00000000000003,82.99999999999997,2247.4908419757503
vallur_tpp__unit_03,coal,500.0,5488.0,78.0,78.0,2078.482893050298
basin_bridge_gas_turbine_power_station__unit_01,oil_gas,30.0,2715.0,272.0,269.00000000000006,48.64440423768819
basin_bridge_gas_turbine_power_station__unit_02,oil_gas,30.0,2687.999999999998,266.0,263.0,47.5530141160151
basin_bridge_gas_turbine_power_station__unit_03,oil_gas,30.0,2670.0,266.0000000000001,263.0,47.69378162729299
basin_bridge_gas_turbine_power_station__unit_04,oil_gas,30.0,2454.0,265.9999999999999,262.0,43.277066635752696
kovilkalappal_thirumakotai_gas_combined_cycle_gas_turbine_power___unit_02,oil_gas,69.65,2766.0,274.0,266.0,115.67897444725133
kovilkalappal_thirumakotai_gas_combined_cycle_gas_turbine_power___unit_01,oil_gas,38.23,2958.0,277.0,273.0,67.1653079453389
kuttalam_gas_turbine_power_station__unit_01,oil_gas,63.0,2589.0,284.0,279.0,98.15726720468037
kuttalam_gas_turbine_power_station__unit_02,oil_gas,37.0,2640.0,251.0,249.0000000000001,59.1676223171767
pillaiperumalnallur_ppn_power_plant_phase_i__unit_02,oil_gas,225.0,2229.0,285.9999999999999,287.0,298.5556310408102
pillaiperumalnallur_ppn_power_plant_phase_i__unit_01,oil_gas,105.5,2145.0,267.0,265.0,136.2332075103018
valuthur_gas_turbine_power_station__unit_01,oil_gas,60.0,2190.0,275.0,269.9999999999999,77.21306568512972
valuthur_gas_turbine_power_station__unit_02,oil_gas,34.0,2845.9999999999905,280.9999999999999,279.0,57.64377945055582
valuthur_gas_turbine_power_station__unit_03,oil_gas,59.8,2791.0,292.0,287.0,98.60694896863107
valuthur_gas_turbine_power_station__unit_04,oil_gas,32.4,2330.0,280.99999999999955,278.0,45.85992881337488
ambika_sugars_previously_m_s_srel_tamil_nadu_cuddalore_40__unit_01,bio_power,40.0,2798.0,261.0,261.0,61.108465599352336
arashi_hi_tech_bio_power_ltd_tamil_nadu_coimbatore_1_6__unit_01,bio_power,1.6,2948.0,260.0,260.00000000000017,2.5779199999999785
arunachala_sugars_ltd_tamil_nadu_tiruvannamalai_19__unit_01,bio_power,19.0,2920.0,261.0,260.0,30.317689849818787
astro_energy_and_bio_systems_ltd_tamil_nadu_madurai_10__unit_01,bio_power,10.0,2820.9999999999995,261.0000000000001,259.0,15.419510751398041
auro_energy_ltd_tamil_nadu_thanjavur_16__unit_01,bio_power,16.0,2796.0,262.0,262.0,24.458800000060496
aurobindo_agro_energy_pvt_ltd_tamil_nadu_sivaganga_15__unit_01,bio_power,15.0,2911.0,254.0,254.0,23.881998949352944
auromira_bio_power_india_p_ltd_tamil_nadu_tirunelveli_15__unit_01,bio_power,15.0,2985.0,254.0,254.0,24.444147678087138
bannari_amman_sugars_ltd_tamil_nadu_erode_20__unit_01,bio_power,20.0,2825.0,254.0,254.0,30.897027165552668
bannari_amman_sugars_and_chemicals_ltd_tamil_nadu_tiruvannamalai__unit_01,bio_power,28.8,2820.0,259.0,259.0,44.38462254047019
c_m_d_a_koyambedu_veg_market_bio_metharation_plant_tamil_nadu_ch__unit_01,bio_power,0.25,2965.0,256.0000000000003,256.0,0.4034499999999955
cheyyar_co_op_sugar_mills_tamil_nadu_tiruvannamalai_7_5__unit_01,bio_power,7.5,2841.0,255.9999999999995,256.0,11.642839106020217
chitra_bio_energy_ltd_tamil_nadu_pudukkottai_7_5__unit_01,bio_power,7.5,2857.0,257.0,257.0,11.70825
dhanalakshmi_srinivasan_sugars_pvt_ltd_tamil_nadu_perambalur_25__unit_01,bio_power,25.0,2904.0,253.0,252.0,39.781968417859616
dharani_sugars_chemical_ltd_tamil_nadu_tiruvannamalai_15__unit_01,bio_power,15.0,2885.0,254.0,253.0,23.630641854797155
dharani_sugars_chemical_ltd_tamil_nadu_viluppuram_22__unit_01,bio_power,22.0,2822.0,259.0,259.0,33.90699652360468
eid_parry_india_ltd_tamil_nadu_cuddalore_24_5__unit_01,bio_power,24.5,2838.0,266.0,266.0,37.95003292548006
eid_parry_india_ltd_tamil_nadu_karur_22__unit_01,bio_power,22.0,2943.0,257.0,257.0,35.28193935597623
eid_parry_india_ltd_tamil_nadu_pudukkottai_18__unit_01,bio_power,18.0,3007.0,259.0,259.0,29.6316
eid_parry_india_ltd_tamil_nadu_tiruchirappalli_18__unit_01,bio_power,18.0,2767.0,253.0,253.0,27.260841729610714
eta_power_gen_pvt_ltd_tamil_nadu_virudhunagar_10__unit_01,bio_power,10.0,2985.0,254.0,254.0,16.327999999999992
empee_distilleries_pvt_ltd_tamil_nadu_pudukkottai_10__unit_01,bio_power,10.0,2744.0,258.0,258.0,15.035704182706056
empee_sugars_chemicals_ltd_tamil_nadu_tirunelveli_50__unit_01,bio_power,50.0,2892.0,263.0,263.0,78.88774065063237
g_k_bio_energy_pvt_ltd_tamil_nadu_erode_1_5__unit_01,bio_power,1.5,2777.0,257.9999999999999,258.0,2.2768500000000023
global_power_tech_equipments_pvt_ltd_tamil_nadu_tiruvannamalai_7__unit_01,bio_power,7.5,2806.0,256.0,256.0,11.504877067650705
iot_mabagas_ltd_tamil_nadu_n_a_2__unit_01,bio_power,2.0,2926.0,259.00000000000045,259.0,3.1926000000000005
kothari_sugars_chemicals_ltd_kattur_lalgudi__unit_01,bio_power,12.0,2898.0,260.0,260.0,19.027476792926333
kothari_sugars_chemicals_ltd_tamil_nadu_perambalur_22__unit_01,bio_power,22.0,2856.0,254.0,254.0,34.380061682142376
m_r_k_co_op_sugar_mills_tamil_nadu_cuddalore_7_5__unit_01,bio_power,7.5,2791.0,262.0,262.0,11.435138477784568
madras_sugars_chemicals_ltd_vengur__unit_01,bio_power,25.0,2741.0,261.0,260.0,37.48985524664362
manali_petrochemicals_ltd_tamil_nadu_thiruvallur_4_7__unit_01,bio_power,4.7,2900.0,262.0,262.0,7.447619999999999
mohan_breweries_distillaries_ltd_tamil_nadu_kancheepuram_18__unit_01,bio_power,18.0,2818.0,258.0,258.0,27.81735863005086
orient_green_power_ltd_tamil_nadu_coimbatore_10__unit_01,bio_power,10.0,2797.0,258.0,258.0,15.319
others_districts_not_specified_waste_to_energy_tamil_nadu_n_a_6___aggregate_01__chennai_north,bio_power,0.0383117668400048,2909.999999999992,253.0,253.0,0.06078544926835897
others_districts_not_specified_waste_to_energy_tamil_nadu_n_a_6___aggregate_01__coimbatore,bio_power,0.0897811101705163,2866.9999999999936,259.0000000000001,259.0,0.14033685330753012
others_districts_not_specified_waste_to_energy_tamil_nadu_n_a_6___aggregate_01__villupuram,bio_power,1.7993372838311763,2874.0,259.0,259.0,2.828738143910989
others_districts_not_specified_waste_to_energy_tamil_nadu_n_a_6___aggregate_01__vellore,bio_power,0.1160962631515298,2909.0000000000036,255.0,255.0,0.18408223485306616
others_districts_not_specified_waste_to_energy_tamil_nadu_n_a_6___aggregate_01__madurai,bio_power,0.7197968315394848,2881.0,259.0,259.0,1.1305848832990688
others_districts_not_specified_waste_to_energy_tamil_nadu_n_a_6___aggregate_01__erode,bio_power,0.770105212238481,2918.0,256.0,256.0,1.2245442979804089
others_districts_not_specified_waste_to_energy_tamil_nadu_n_a_6___aggregate_01__chennai_south,bio_power,0.4876043052364252,2775.999999999994,256.9999999999942,257.0,0.7387692828637105
others_districts_not_specified_waste_to_energy_tamil_nadu_n_a_6___aggregate_01__trichy,bio_power,1.4428443584472124,2737.0,263.0,263.0,2.157485169186115
others_districts_not_specified_waste_to_energy_tamil_nadu_n_a_6___aggregate_01__tirunelveli,bio_power,0.9361228685451686,2837.0000000000027,262.00000000000284,262.0,1.4518329568267023
others_districts_not_specified_biomass_bagasse_based_cogen_tamil__aggregate_01__chennai_north,bio_power,0.270576853307534,2938.000000000001,259.0000000000002,259.0,0.4332747152013584
others_districts_not_specified_biomass_bagasse_based_cogen_tamil__aggregate_01__coimbatore,bio_power,0.6340790905792717,2938.0,254.0,254.0,1.0150338081992982
others_districts_not_specified_biomass_bagasse_based_cogen_tamil__aggregate_01__villupuram,bio_power,45.70781956705768,2772.0,252.0,252.0,69.29240958207446
others_districts_not_specified_biomass_bagasse_based_cogen_tamil__aggregate_01__vellore,bio_power,27.81992985850768,2813.0,257.0,257.0,42.93570749143384
others_districts_not_specified_biomass_bagasse_based_cogen_tamil__aggregate_01__madurai,bio_power,5.0835651227476095,2800.0,255.0,255.0,7.774804498730193
others_districts_not_specified_biomass_bagasse_based_cogen_tamil__aggregate_01__erode,bio_power,5.43886806143427,2846.0,258.0,258.0,8.473212552908448
others_districts_not_specified_biomass_bagasse_based_cogen_tamil__aggregate_01__chennai_south,bio_power,3.443705405732252,2788.0,256.0,256.0,5.239436673213165
others_districts_not_specified_biomass_bagasse_based_cogen_tamil__aggregate_01__trichy,bio_power,43.19008828153344,2753.0,254.0,254.0,65.09754686904458
others_districts_not_specified_biomass_bagasse_based_cogen_tamil__aggregate_01__tirunelveli,bio_power,6.611367759100252,2835.0,252.0,252.0,10.257089211302718
others_districts_not_specified_non_bagasse_based_cogen_tamil_nad__aggregate_01__chennai_north,bio_power,0.3115824162534768,2783.0000000000005,249.99999999999838,250.0,0.47139303754988515
others_districts_not_specified_non_bagasse_based_cogen_tamil_nad__aggregate_01__coimbatore,bio_power,0.7301729350586527,3018.0,260.9999999999998,261.0,1.203763100737695
others_districts_not_specified_non_bagasse_based_cogen_tamil_nad__aggregate_01__villupuram,bio_power,14.63367275365824,2894.0,258.0,257.0,23.133486589298375
others_districts_not_specified_non_bagasse_based_cogen_tamil_nad__aggregate_01__vellore,bio_power,0.9441891401620508,2803.0,258.0,259.0,1.442909843995646
others_districts_not_specified_non_bagasse_based_cogen_tamil_nad__aggregate_01__madurai,bio_power,5.853972669004715,2781.999999999998,257.99999999999915,258.0,8.910132060958032
others_districts_not_specified_non_bagasse_based_cogen_tamil_nad__aggregate_01__erode,bio_power,6.263121296408271,2907.0,263.0,264.0,9.953352364252025
others_districts_not_specified_non_bagasse_based_cogen_tamil_nad__aggregate_01__chennai_south,bio_power,3.9655943886806138,2938.0,259.0,259.0,6.371520504293142
others_districts_not_specified_non_bagasse_based_cogen_tamil_nad__aggregate_01__trichy,bio_power,11.734382633933969,2819.0,255.0,255.0,18.07450248052877
others_districts_not_specified_non_bagasse_based_cogen_tamil_nad__aggregate_01__tirunelveli,bio_power,7.613311766840003,2880.0,259.0,259.0,11.964478517740114
others_districts_not_specified_waste_to_energy_off_grid_tamil_na__aggregate_01__chennai_north,bio_power,0.1650399080904583,2883.000000000001,262.0,262.0,0.25894761579392883
others_districts_not_specified_waste_to_energy_off_grid_tamil_na__aggregate_01__coimbatore,bio_power,0.3867601886564276,2909.0,257.9999999999998,258.0,0.6135563632845564
others_districts_not_specified_waste_to_energy_off_grid_tamil_na__aggregate_01__villupuram,bio_power,7.75120764300399,2781.0,262.0,261.0,11.793462428830573
others_districts_not_specified_waste_to_energy_off_grid_tamil_na__aggregate_01__vellore,bio_power,0.5001209336074495,2992.0,260.99999999999983,261.0,0.8157972669004716
others_districts_not_specified_waste_to_energy_off_grid_tamil_na__aggregate_01__madurai,bio_power,3.1007497883661865,2863.0,254.0,254.0,4.86011521828516
others_districts_not_specified_waste_to_energy_off_grid_tamil_na__aggregate_01__erode,bio_power,3.3174688595960817,2806.9999999999986,253.00000000000034,252.0,5.088795897999007
others_districts_not_specified_waste_to_energy_off_grid_tamil_na__aggregate_01__chennai_south,bio_power,2.100507921151288,2766.0,260.0,260.0,3.1712790937195683
others_districts_not_specified_waste_to_energy_off_grid_tamil_na__aggregate_01__trichy,bio_power,6.215502962873382,2963.0,255.0,255.0,10.057926894521707
others_districts_not_specified_waste_to_energy_off_grid_tamil_na__aggregate_01__tirunelveli,bio_power,4.032641794654734,2802.0,261.0,261.0,6.184862720461966
ponni_sugars_limited_tamil_nadu_erode_19__unit_01,bio_power,19.0,2916.0,255.0,255.0,30.341338420040078
prathyusha_power_pvt_ltd_tamil_nadu_tirunelveli_10__unit_01,bio_power,10.0,2863.0,263.0,263.0,15.680277720262112
rajashree_sugars_chemicals_ltd_tamil_nadu_theni_12__unit_01,bio_power,12.0,2847.0,256.0,255.0,18.676213362728877
rajashree_sugars_chemicals_ltd_tamil_nadu_viluppuram_20__unit_01,bio_power,20.0,2926.0,263.0,263.0,32.05905024514482
rajashree_sugars_chemicals_ltd_tamil_nadu_viluppuram_22__unit_01,bio_power,22.0,2831.0,256.0,255.0,33.99
rajkumar_impex_p_ltd_tamil_nadu_thoothukkudi_6__unit_01,bio_power,6.0,2817.0,256.0,256.0,9.246599999999999
renuka_textiles_limited_tamil_nadu_theni_4_5__unit_01,bio_power,4.5,2905.000000000001,254.99999999999977,255.0,7.1514
s_v_sugar_mills_ltd_tamil_nadu_kancheepuram_45__unit_01,bio_power,45.0,2821.0,258.0,258.0,69.47933998354517
saastha_energy_p_ltd_tamil_nadu_n_a_2__unit_01,bio_power,2.0,2803.0,253.0,253.0,3.0638
sakti_sugars_ltd_tamil_nadu_erode_24_5__unit_01,bio_power,24.5,2829.0,254.0,253.0,37.96889646334328
sakti_sugars_ltd_tamil_nadu_sivaganga_35__unit_01,bio_power,35.0,2741.0,256.0,255.0,52.496992242806904
shakti_sugars_ltd_tamil_nadu_erode_32__unit_01,bio_power,32.0,2934.0,259.0,259.0,51.52373257172563
shriraam_city_union_finance_ltd_tamil_nadu_thanjavur_7_5__unit_01,bio_power,7.5,2740.0,258.0,256.0,11.223
shriram_investments_ltd_tamil_nadu_dindigul_7_5__unit_01,bio_power,7.5,2845.0,259.0,258.0,11.66638585870952
sripathi_paper_board_p_ltd_tamil_nadu_virudhunagar_4_95_09_03_20__unit_01,bio_power,4.95,2860.0000000000014,259.0000000000001,258.9999999999997,7.755165000000003
subashri_bio_energy_p_ltd_tamil_nadu_namakkal_2_5__unit_01,bio_power,2.5,2865.0,264.0,263.0,3.91125
subramania_siva_co_op_sugar_mills_tamil_nadu_dharmapuri_5__unit_01,bio_power,5.0,2869.0,253.0,254.0,7.867
synergy_sakthi_renewable_energy_ltd_tamil_nadu_dharmapuri_10__unit_01,bio_power,10.0,2918.0,252.0,252.0,15.933310441231022
tcp_ltd_tamil_nadu_sivaganga_9__unit_01,bio_power,9.0,2739.0000000000005,257.0,257.0,13.459015232182512
terra_energy_ltd_tamil_nadu_cuddalore_18_68__unit_01,bio_power,18.68,2817.0,260.0,260.0,28.849391999999998
terra_energy_ltd_tamil_nadu_thanjavur_28_42__unit_01,bio_power,28.42,2752.0,255.99999999999997,256.0,42.79103780754951
additional_2026_07__diesel_samayanallur__unit_01,diesel,15.142857142857142,0.0,0.0,0.0,0.0
additional_2026_07__diesel_samayanallur__unit_02,diesel,15.142857142857142,0.0,0.0,0.0,0.0
additional_2026_07__diesel_samayanallur__unit_03,diesel,15.142857142857142,0.0,0.0,0.0,0.0
additional_2026_07__diesel_samayanallur__unit_04,diesel,15.142857142857142,0.0,0.0,0.0,0.0
additional_2026_07__diesel_samayanallur__unit_05,diesel,15.142857142857142,0.0,0.0,0.0,0.0
additional_2026_07__diesel_samayanallur__unit_06,diesel,15.142857142857142,0.0,0.0,0.0,0.0
additional_2026_07__diesel_samayanallur__unit_07,diesel,15.142857142857142,0.0,0.0,0.0,0.0
additional_2026_07__diesel_samalpatti__unit_01,diesel,15.1,0.0,0.0,0.0,0.0
additional_2026_07__diesel_samalpatti__unit_02,diesel,15.1,0.0,0.0,0.0,0.0
additional_2026_07__diesel_samalpatti__unit_03,diesel,15.1,0.0,0.0,0.0,0.0
additional_2026_07__diesel_samalpatti__unit_04,diesel,15.1,0.0,0.0,0.0,0.0
additional_2026_07__diesel_samalpatti__unit_05,diesel,15.1,0.0,0.0,0.0,0.0
additional_2026_07__diesel_samalpatti__unit_06,diesel,15.1,0.0,0.0,0.0,0.0
additional_2026_07__diesel_samalpatti__unit_07,diesel,15.1,0.0,0.0,0.0,0.0
