name,capacity_mw,max_abs_flow_mw,max_loading_pct,hours_at_or_above_99pct
erode__trichy,1167.5,8750.0,749.4646680942184,6665
coimbatore__trichy,2770.5,9500.0,342.89839379173435,7339
papanasam_turbine__papanasam_hydroelectric_power_project__unit_01,8.0,8.00000000000091,100.00000000001137,3169
kodayar_I__kodayar_i_ii_power_house__unit_01,60.0,60.00000000000546,100.00000000000911,50
periyar_turbine__periyar_hydroelectric_power_project__unit_01,42.0,42.00000000000014,100.00000000000033,1091
erode__vellore,6552.0,6552.0000000000055,100.00000000000009,4096
pap_parambikulam_to_thunacadavu,33.333333333333336,33.33333333333335,100.00000000000004,3239
chennai_north__villupuram,5512.0,5512.0,100.0,7039
chennai_north__vellore,6222.5,6222.5,100.0,1301
chennai_north__chennai_south,8345.5,8345.5,100.0,1428
chennai_south__vellore,2156.0,2156.0,100.0,7088
coimbatore__vellore,5362.5,5362.5,100.0,4881
erode__villupuram,2279.0,2279.0,100.0,6321
kadamparai_generation__kadmparai_power_house__unit_01,100.0,100.0,100.0,42
kadamparai_generation__kadmparai_power_house__unit_02,100.0,100.0,100.0,57
coimbatore__madurai,3111.5,3111.5,100.0,6885
coimbatore__erode,5452.0,5452.0,100.0,4402
coimbatore__tirunelveli,7299.5,7299.5,100.0,2622
chennai_south__villupuram,4977.0,4977.0,100.0,2828
kodayar_II__kodayar_i_ii_power_house__unit_02,40.0,40.0,100.0,36
kadamparai_pump,400.0,400.0,100.0,73
kadamparai_generation__kadmparai_power_house__unit_04,100.0,100.0,100.0,99
kadamparai_generation__kadmparai_power_house__unit_03,100.0,100.0,100.0,73
kundah_turbine__kundah_i_to_v_hydroelectric_power_project__unit_04,35.0,35.0,100.0,24
kundah_turbine__kundah_i_to_v_hydroelectric_power_project__unit_01,20.0,20.0,100.0,22
kundah_turbine__kundah_i_to_v_hydroelectric_power_project__unit_02,20.0,20.0,100.0,24
kundah_turbine__kundah_i_to_v_hydroelectric_power_project__unit_03,35.0,35.0,100.0,24
kundah_turbine__kundah_i_to_v_hydroelectric_power_project__unit_08,20.0,20.0,100.0,24
kundah_turbine__kundah_i_to_v_hydroelectric_power_project__unit_09,20.0,20.0,100.0,64
kundah_turbine__kundah_i_to_v_hydroelectric_power_project__unit_10,60.0,60.0,100.0,31
kundah_turbine__kundah_i_to_v_hydroelectric_power_project__unit_11,60.0,60.0,100.0,37
kundah_turbine__kundah_i_to_v_hydroelectric_power_project__unit_12,50.0,50.0,100.0,48
kundah_turbine__kundah_i_to_v_hydroelectric_power_project__unit_05,35.0,35.0,100.0,24
kundah_turbine__kundah_i_to_v_hydroelectric_power_project__unit_06,35.0,35.0,100.0,25
kundah_turbine__kundah_i_to_v_hydroelectric_power_project__unit_07,35.0,35.0,100.0,25
madurai__tirunelveli,11261.0,11261.0,100.0,792
madurai__trichy,7217.0,7217.0,100.0,2272
mettur_observed_release,2500.0,2500.0,100.0,269
mettur_turbine__mettur_dam_hydroelectric_power_project__unit_01,12.5,12.5,100.0,4497
mettur_turbine__mettur_dam_hydroelectric_power_project__unit_02,12.5,12.5,100.0,4512
mettur_turbine__mettur_dam_hydroelectric_power_project__unit_03,12.5,12.5,100.0,4525
mettur_turbine__mettur_dam_hydroelectric_power_project__unit_04,12.5,12.5,100.0,4542
mettur_turbine__mettur_tunnel__unit_01,50.0,50.0,100.0,4557
mettur_turbine__mettur_tunnel__unit_02,50.0,50.0,100.0,4620
mettur_turbine__mettur_tunnel__unit_03,50.0,50.0,100.0,4672
mettur_turbine__mettur_tunnel__unit_04,50.0,50.0,100.0,4734
moyar_turbine__moyar_power_house__unit_01,14.0,14.0,100.0,33
moyar_turbine__moyar_power_house__unit_02,14.0,14.0,100.0,35
kundah_turbine__kundah_i_to_v_hydroelectric_power_project__unit_13,60.0,60.0,100.0,43
kundah_turbine__kundah_i_to_v_hydroelectric_power_project__unit_14,50.0,50.0,100.0,53
kundah_turbine__kundah_i_to_v_hydroelectric_power_project__unit_15,20.0,20.0,100.0,68
pap_lower_aliyar_outflow,250.0,250.0,100.0,1644
pap_aliyar_turbine__aliyar_hydroelectric_power_project__unit_01,60.0,60.0,100.0,679
moyar_turbine__moyar_power_house__unit_03,12.0,12.0,100.0,38
pap_parambikulam_observed_release,250.0,250.0,100.0,302
pap_sholayar_turbine__sholayar_i_power_house__unit_01,42.0,42.0,100.0,1928
pap_sholayar_turbine__sholayar_i_power_house__unit_02,42.0,42.0,100.0,2046
pap_sarkarpathy_turbine__sarkarpathy_hydroelectric_power_project__unit_01,30.0,30.0,100.0,5340
pap_sholayar_observed_release,250.0,250.0,100.0,5
papanasam_lower_pondage_bypass,100.0,100.0,100.0,13
papanasam_direct_release,100.0,100.0,100.0,237
papanasam_turbine__papanasam_hydroelectric_power_project__unit_02,8.0,8.0,100.0,3217
papanasam_servalar_transfer_tunnel,20.0,20.0,100.0,3916
papanasam_turbine__papanasam_hydroelectric_power_project__unit_03,8.0,8.0,100.0,3341
papanasam_turbine__papanasam_hydroelectric_power_project__unit_04,8.0,8.0,100.0,3412
parsons_valley_turbine__parson_s_valley_hydroelectric_power_project__unit_01,30.0,30.0,100.0,34
periyar_observed_release,500.0,500.0,100.0,11
periyar_turbine__periyar_hydroelectric_power_project__unit_02,42.0,42.0,100.0,1170
periyar_turbine__periyar_hydroelectric_power_project__unit_03,42.0,42.0,100.0,1260
periyar_turbine__periyar_hydroelectric_power_project__unit_04,42.0,42.0,100.0,1367
pushep_turbine__pykara_ultimate_hydroelectric_power_project__unit_01,50.0,50.0,100.0,14
pushep_turbine__pykara_ultimate_hydroelectric_power_project__unit_02,50.0,50.0,100.0,18
pushep_turbine__pykara_ultimate_hydroelectric_power_project__unit_03,50.0,50.0,100.0,21
pykara_turbine__pykara_hydroelectric_power_project__unit_01,7.0,7.0,100.0,136
pykara_turbine__pykara_hydroelectric_power_project__unit_02,7.0,7.0,100.0,137
pykara_turbine__pykara_hydroelectric_power_project__unit_03,7.0,7.0,100.0,137
pykara_turbine__pykara_hydroelectric_power_project__unit_04,13.6,13.6,100.0,140
pykara_turbine__pykara_hydroelectric_power_project__unit_05,13.6,13.6,100.0,141
pykara_turbine__pykara_hydroelectric_power_project__unit_06,11.0,11.0,100.0,142
servalar_turbine__servalar_small_hydro_project__unit_01,20.0,20.0,100.0,4200
tirunelveli__vellore,5512.0,5512.0,100.0,6169
trichy__villupuram,10116.0,10116.0,100.0,472
vellore__villupuram,12068.5,12068.5,100.0,3526
chennai_north__trichy,,7873.534163764603,,0
chennai_south__trichy,,1000.0,,0
erode__coimbatore,,5000.0,,0
erode__tirunelveli,,1000.0,,0
trichy__madurai,,7000.0,,0
vellore__coimbatore,,2500.0000000000255,,0
vellore__erode,,6750.0,,0
vellore__tirunelveli,,2500.0,,0
villupuram__coimbatore,,1000.0,,0
villupuram__erode,,1000.0,,0
villupuram__tirunelveli,,1000.0000000000036,,0
villupuram__trichy,,10467.116227594835,,0
