month,wind_resource_cf,wind_modeled_cf,wind_observed_cf,wind_curtailment_pct,hydro_modeled_cf,hydro_observed_cf,hydro_reservoir_inflow_cf,wind_error_gwh,hydro_error_gwh
2025-04-01,0.0996547130077524,0.0996547130077524,0.06268778443478369,0.0,0.16941895953634933,0.12860261165198578,0.0,327.36554518603896,59.16345952377651
2025-05-01,0.3582151323609943,0.3582151323609943,0.23708693507590753,0.0,0.1045544682802138,0.16762352345487525,0.0,1108.422398112108,-94.46614267695554
2025-06-01,0.4896653857251645,0.4896653857251644,0.4161193314158193,2.220446049250313e-14,0.1864249846958501,0.4212199483409497,0.0,651.2968508524182,-340.3362389834265
2025-07-01,0.5469570412876676,0.5469570412876676,0.4724680122019571,0.0,0.2010661737838181,0.552495999521438,0.0,681.6357388519573,-526.3789027301825
2025-08-01,0.3694851529873778,0.3694851529873778,0.39038794134107685,0.0,0.17382806041064083,0.5414466136402966,0.0,-191.27766542835752,-550.6267154932856
2025-09-01,0.3447971884710693,0.3447971884710693,0.3792896652173744,0.0,0.15930959967718708,0.44727023864715093,0.0,-305.4527084278161,-417.4000980295185
2025-10-01,0.1243766264281062,0.1243766264281062,0.1357233476338651,0.0,0.13536222920626315,0.41082351106353976,0.0,-103.83180969824639,-412.59163756049156
2025-11-01,0.19098606630549606,0.19098606630549603,0.08821955670971361,1.1102230246251565e-14,0.12824220687572324,0.3899678786674614,0.0,910.0624731179257,-379.37240816481165
2025-12-01,0.27931057993422953,0.27931057993422953,0.10340821282588891,0.0,0.07421593680755385,0.27172809991689256,0.0,1609.6509974876712,-295.8378261581602
2026-01-01,0.2946268105012019,0.29461190531134257,0.116902084680371,0.005059006623986395,0.03637561204925102,0.18715189427199835,0.0,1626.190680343807,-225.83585165990118
2026-02-01,0.12048356816671896,0.12048356816671896,0.1061092196273411,0.0,0.029061956783813906,0.12245075359768384,0.0,118.80768891035018,-126.34293890109896
2026-03-01,0.12719407176774508,0.1271258918993747,0.055345856328320356,0.053603023649462234,0.03214579620088382,0.11345816535596247,0.0,656.8462253011355,-121.79135781775523
