date,carrier,modeled_gwh,observed_gwh,difference_gwh,difference_pct
2025-04-07,coal,227.29595267897315,179.67,47.625952678973164,26.507459608712175
2025-04-08,coal,253.0855445484089,200.3,52.78554454840889,26.353242410588564
2025-04-09,coal,256.2654269682785,202.8,53.46542696827851,26.36362276542333
2025-04-10,coal,217.65370000271312,183.38,34.27370000271313,18.68998800453328
2025-04-11,coal,193.9349058786587,155.02,38.914905878658686,25.1031517730994
2025-04-12,coal,190.886512394805,166.24,24.646512394805,14.825861642688281
2025-04-13,coal,202.55133889804193,163.22,39.331338898041935,24.097132029188785
2025-07-07,coal,112.82326993055965,165.1,-52.27673006944035,-31.663676601720383
2025-07-08,coal,124.04340556791361,171.04,-46.99659443208638,-27.476961197431237
2025-07-09,coal,139.97937154254237,166.39,-26.41062845745762,-15.872725799301413
2025-07-10,coal,173.43219279248177,172.64,0.7921927924817851,0.45886978248481536
2025-07-11,coal,155.97044912176975,170.2,-14.229550878230242,-8.360488177573586
2025-07-12,coal,137.6930689219901,161.24,-23.54693107800992,-14.603653608291935
2025-07-13,coal,89.25375590311904,161.53,-72.27624409688096,-44.744780596100384
2025-10-13,coal,212.66437572734188,185.13,27.53437572734188,14.872995045288112
2025-10-14,coal,216.284103912749,189.56,26.724103912749,14.097965769544734
2025-10-15,coal,221.59551730730672,179.69,41.905517307306724,23.32100690483985
2025-10-16,coal,213.78568567058124,175.19,38.59568567058125,22.03075841690807
2025-10-17,coal,216.30107849965694,169.74,46.56107849965693,27.430822728677345
2025-10-18,coal,208.55082782390744,173.06,35.49082782390744,20.507816840348685
2025-10-19,coal,172.02364127401995,149.11,22.913641274019938,15.366938014901708
2026-02-16,coal,126.62371995756695,213.22,-86.59628004243305,-40.61358223545308
2026-02-17,coal,142.2870036464584,218.81,-76.5229963535416,-34.97234877452657
2026-02-18,coal,189.55750335796805,218.9,-29.34249664203196,-13.404521079046122
2026-02-19,coal,134.97195233074206,216.14,-81.16804766925793,-37.55345964155544
2026-02-20,coal,137.50597565111426,219.02,-81.51402434888575,-37.21761681530717
2026-02-21,coal,197.9634156762515,230.45,-32.4865843237485,-14.097020752331742
2026-02-22,coal,222.71464553199937,220.52,2.194645531999356,0.9952138273169582
2025-04-07,oil_gas,3.7,3.7,0.0,0.0
2025-04-08,oil_gas,3.18,3.18,0.0,0.0
2025-04-09,oil_gas,3.990000000000002,3.99,1.7763568394002505e-15,4.452022153885339e-14
2025-04-10,oil_gas,3.9499999999999997,3.95,-4.440892098500626e-16,-1.1242764806330698e-14
2025-04-11,oil_gas,4.010000000000002,4.01,1.7763568394002505e-15,4.429817554614091e-14
2025-04-12,oil_gas,3.97,3.97,0.0,0.0
2025-04-13,oil_gas,3.98,3.98,0.0,0.0
2025-07-07,oil_gas,3.790000000000001,3.79,8.881784197001252e-16,2.34347867994756e-14
2025-07-08,oil_gas,3.72,3.72,0.0,0.0
2025-07-09,oil_gas,3.750000000000001,3.75,8.881784197001252e-16,2.3684757858670007e-14
2025-07-10,oil_gas,3.580000000000002,3.58,1.7763568394002505e-15,4.9618906128498615e-14
2025-07-11,oil_gas,3.539999999999999,3.54,-8.881784197001252e-16,-2.5089785867235178e-14
2025-07-12,oil_gas,3.49,3.49,0.0,0.0
2025-07-13,oil_gas,3.2500000000000004,3.25,4.440892098500626e-16,1.3664283380001927e-14
2025-10-13,oil_gas,4.020000000000001,4.02,1.7763568394002505e-15,4.418798107960823e-14
2025-10-14,oil_gas,4.000000000000001,4.0,8.881784197001252e-16,2.220446049250313e-14
2025-10-15,oil_gas,3.77,3.77,0.0,0.0
2025-10-16,oil_gas,3.94,3.94,0.0,0.0
2025-10-17,oil_gas,3.9,3.9,0.0,0.0
2025-10-18,oil_gas,4.02,4.02,0.0,0.0
2025-10-19,oil_gas,4.1,4.1,0.0,0.0
2026-02-16,oil_gas,3.0900000000000007,3.09,8.881784197001252e-16,2.8743638177997584e-14
2026-02-17,oil_gas,3.080000000000001,3.08,8.881784197001252e-16,2.883696167857549e-14
2026-02-18,oil_gas,3.0700000000000007,3.07,8.881784197001252e-16,2.893089314984121e-14
2026-02-19,oil_gas,3.070000000000001,3.07,1.3322676295501878e-15,4.339633972476182e-14
2026-02-20,oil_gas,3.000000000000001,3.0,8.881784197001252e-16,2.9605947323337504e-14
2026-02-21,oil_gas,3.0500000000000003,3.05,4.440892098500626e-16,1.4560301962297137e-14
2026-02-22,oil_gas,3.050000000000001,3.05,1.3322676295501878e-15,4.368090588689141e-14
2025-04-07,nuclear,54.31,54.31,0.0,0.0
2025-04-08,nuclear,54.25,54.25,0.0,0.0
2025-04-09,nuclear,54.32,54.32,0.0,0.0
2025-04-10,nuclear,54.15,54.15,0.0,0.0
2025-04-11,nuclear,54.13,54.13,0.0,0.0
2025-04-12,nuclear,54.36,54.36,0.0,0.0
2025-04-13,nuclear,54.42,54.42,0.0,0.0
2025-07-07,nuclear,54.09,54.09,0.0,0.0
2025-07-08,nuclear,54.11,54.11,0.0,0.0
2025-07-09,nuclear,54.13,54.13,0.0,0.0
2025-07-10,nuclear,54.01,54.01,0.0,0.0
2025-07-11,nuclear,54.07,54.07,0.0,0.0
2025-07-12,nuclear,54.19,54.19,0.0,0.0
2025-07-13,nuclear,54.26,54.26,0.0,0.0
2025-10-13,nuclear,49.19,49.19,0.0,0.0
2025-10-14,nuclear,49.21,49.21,0.0,0.0
2025-10-15,nuclear,48.97,48.97,0.0,0.0
2025-10-16,nuclear,48.97,48.97,0.0,0.0
2025-10-17,nuclear,48.7,48.7,0.0,0.0
2025-10-18,nuclear,48.58,48.58,0.0,0.0
2025-10-19,nuclear,48.65,48.65,0.0,0.0
2026-02-16,nuclear,54.16,54.16,0.0,0.0
2026-02-17,nuclear,54.38,54.38,0.0,0.0
2026-02-18,nuclear,54.29,54.29,0.0,0.0
2026-02-19,nuclear,54.23,54.23,0.0,0.0
2026-02-20,nuclear,54.28,54.28,0.0,0.0
2026-02-21,nuclear,54.19,54.19,0.0,0.0
2026-02-22,nuclear,54.29,54.29,0.0,0.0
2025-04-07,hydro,7.634014623621566,7.79,-0.15598537637843446,-2.0023796710967194
2025-04-08,hydro,7.666692887160478,5.58,2.0866928871604777,37.39592987742791
2025-04-09,hydro,6.141556587073115,6.79,-0.648443412926885,-9.549976626316422
2025-04-10,hydro,3.398360564669057,3.93,-0.531639435330943,-13.527721000787354
2025-04-11,hydro,3.746886749699811,6.08,-2.333113250300189,-38.37357319572679
2025-04-12,hydro,3.8894288918516393,7.26,-3.3705711081483605,-46.42659928579009
2025-04-13,hydro,10.643113723136178,6.42,4.223113723136178,65.78058758779093
2025-07-07,hydro,18.70426616641601,25.85,-7.145733833583993,-27.64307092295548
2025-07-08,hydro,17.495681757136325,26.77,-9.274318242863675,-34.64444618178437
2025-07-09,hydro,16.404959010726994,24.33,-7.925040989273004,-32.57312367148789
2025-07-10,hydro,19.14016734527848,24.53,-5.38983265472152,-21.972411963805623
2025-07-11,hydro,15.681680220421272,22.99,-7.308319779578726,-31.78912474805884
2025-07-12,hydro,16.957733543004853,25.28,-8.322266456995148,-32.9203578203922
2025-07-13,hydro,17.35308659784539,27.41,-10.05691340215461,-36.69067275503324
2025-10-13,hydro,21.770383114405426,20.07,1.700383114405426,8.47226265274253
2025-10-14,hydro,20.45619356382184,18.57,1.8861935638218412,10.157208205825746
2025-10-15,hydro,18.912134310693673,17.32,1.5921343106936732,9.19246137813899
2025-10-16,hydro,19.746101369365693,17.91,1.836101369365693,10.251822274515316
2025-10-17,hydro,17.560106577616253,15.74,1.8201065776162526,11.56357419070046
2025-10-18,hydro,17.130913133950717,14.91,2.2209131339507167,14.89546032160105
2025-10-19,hydro,17.737902737643175,16.56,1.1779027376431763,7.112939236975703
2026-02-16,hydro,13.567890000438057,7.85,5.717890000438057,72.83936306290519
2026-02-17,hydro,10.196414716252267,6.03,4.166414716252267,69.0947714138021
2026-02-18,hydro,11.100942951182587,5.36,5.7409429511825865,107.10714461161541
2026-02-19,hydro,11.51789913878785,4.3,7.217899138787851,167.8581195066942
2026-02-20,hydro,10.704045406155288,4.61,6.094045406155288,132.19187432007132
2026-02-21,hydro,11.476002601239623,5.17,6.306002601239623,121.97297101043758
2026-02-22,hydro,9.341237785730643,4.59,4.751237785730643,103.51280578933864
2025-04-07,solar,56.656439297458945,44.0,12.656439297458945,28.764634766952145
2025-04-08,solar,61.039165075833694,44.27,16.76916507583369,37.87929766395683
2025-04-09,solar,58.76709054103675,42.82,15.94709054103675,37.24215446295365
2025-04-10,solar,55.90689589321228,3.23,52.67689589321228,1630.863649944653
2025-04-11,solar,58.777218010672435,44.29,14.487218010672436,32.70990745241011
2025-04-12,solar,55.65536139681922,42.43,13.225361396819217,31.169835957622478
2025-04-13,solar,56.50860136355726,42.54,13.968601363557262,32.836392486030235
2025-07-07,solar,50.434828086292725,46.24,4.194828086292723,9.071860048210906
2025-07-08,solar,55.48921866124624,46.19,9.299218661246243,20.132536612353853
2025-07-09,solar,56.977370202087414,46.54,10.437370202087415,22.4266656684302
2025-07-10,solar,54.23813874638811,44.03,10.208138746388109,23.18450771380447
2025-07-11,solar,54.87748311611643,45.82,9.05748311611643,19.76753189898828
2025-07-12,solar,51.98447680510045,47.82,4.164476805100449,8.708650784400772
2025-07-13,solar,50.340403848050876,44.38,5.960403848050873,13.430382713048383
2025-10-13,solar,53.35638705819455,43.5,9.85638705819455,22.658361053320803
2025-10-14,solar,46.470167870506444,30.32,16.150167870506444,53.26572516657798
2025-10-15,solar,30.006684178207077,34.44,-4.43331582179292,-12.872577879770386
2025-10-16,solar,18.435285728318508,22.31,-3.8747142716814906,-17.367612154556213
2025-10-17,solar,27.375494872179143,27.39,-0.014505127820857666,-0.052957750349973215
2025-10-18,solar,30.462596957555835,39.28,-8.817403042444166,-22.447563753676594
2025-10-19,solar,28.793466480337308,38.96,-10.166533519662693,-26.094798561762556
2026-02-16,solar,61.776212057226154,43.05,18.726212057226157,43.498750423289565
2026-02-17,solar,61.077915107642625,3.18,57.897915107642625,1820.6891543283841
2026-02-18,solar,32.62622181098236,2.96,29.666221810982357,1002.2372233439986
2026-02-19,solar,54.623124072767624,49.26,5.363124072767626,10.887381390108864
2026-02-20,solar,46.101756222602866,38.29,7.811756222602867,20.401557123538435
2026-02-21,solar,50.78725126864929,36.85,13.937251268649291,37.821577391178536
2026-02-22,solar,50.49924165138315,41.61,8.889241651383152,21.363233961507213
2025-04-07,wind,11.70101080411343,15.1,-3.3989891958865694,-22.509862224414366
2025-04-08,wind,11.958657133084628,8.31,3.648657133084628,43.90682470619287
2025-04-09,wind,14.34209718011889,10.38,3.9620971801188887,38.17049306472918
2025-04-10,wind,73.40160085013926,10.58,62.82160085013926,593.7769456534902
2025-04-11,wind,79.83489702303693,50.34,29.494897023036927,58.59137271163474
2025-04-12,wind,66.02370941715151,39.0,27.023709417151508,69.2915626080808
2025-04-13,wind,29.25817735236955,16.34,12.91817735236955,79.05861292759823
2025-07-07,wind,175.36837104311388,155.39,19.978371043113896,12.856921966094278
2025-07-08,wind,164.10694589970856,140.28,23.826945899708562,16.985276518184033
2025-07-09,wind,163.41235153813128,137.09,26.322351538131272,19.200781631141055
2025-07-10,wind,121.43157649227562,107.23,14.20157649227562,13.244032912688258
2025-07-11,wind,148.88452511934088,136.5,12.384525119340879,9.072912175341303
2025-07-12,wind,151.36125835713506,147.14,4.221258357135071,2.868872065471708
2025-07-13,wind,167.87879070624496,146.6,21.278790706244962,14.514864056101612
2025-10-13,wind,5.5335397189927225,11.69,-6.156460281007277,-52.66433088971153
2025-10-14,wind,18.921260876780103,13.57,5.351260876780103,39.43449430199044
2025-10-15,wind,9.775795343258126,13.46,-3.6842046567418745,-27.371505622153595
2025-10-16,wind,27.509663459941223,21.36,6.149663459941223,28.79055926938775
2025-10-17,wind,18.333022036743127,24.79,-6.456977963256872,-26.046704168039014
2025-10-18,wind,12.562775452277526,16.36,-3.7972245477224735,-23.210418995858642
2025-10-19,wind,3.1063009455907187,13.76,-10.65369905440928,-77.42513847681163
2026-02-16,wind,96.59032958569661,31.34,65.2503295856966,208.20143454274606
2026-02-17,wind,90.89227494418756,35.92,54.97227494418756,153.04085452168027
2026-02-18,wind,79.59789569412258,33.53,46.06789569412258,137.3930679812782
2026-02-19,wind,117.80912527021296,37.72,80.08912527021296,212.3253586166834
2026-02-20,wind,124.90147129086894,48.04,76.86147129086893,159.99473624244158
2026-02-21,wind,62.42831952519416,27.01,35.418319525194164,131.13039439168517
2026-02-22,wind,16.838213979427774,14.87,1.9682139794277749,13.236139740603733
2025-04-07,comparable_total,361.2974174041671,304.57,56.72741740416711,18.62541202487675
2025-04-08,comparable_total,391.1800596444877,315.89,75.29005964448771,23.834264979735895
2025-04-09,comparable_total,393.8261712765073,321.1,72.72617127650727,22.649072337747516
2025-04-10,comparable_total,408.46055731073375,259.22,149.24055731073372,57.572933149731384
2025-04-11,comparable_total,394.43390766206784,313.87,80.56390766206783,25.66792228058363
2025-04-12,comparable_total,374.7850121006274,313.26,61.52501210062741,19.640238811411418
2025-04-13,comparable_total,357.3612313371049,286.92,70.44123133710491,24.550826480240104
2025-07-07,comparable_total,415.21073522638227,450.46,-35.24926477361771,-7.825170886120346
2025-07-08,comparable_total,418.9652518860047,442.11,-23.14474811399532,-5.23506550722565
2025-07-09,comparable_total,434.654052293488,432.23,2.424052293487989,0.5608246288985006
2025-07-10,comparable_total,425.832075376424,406.02,19.81207537642399,4.879581147831139
2025-07-11,comparable_total,433.02413757764833,433.12,-0.0958624223516722,-0.02213299370882716
2025-07-12,comparable_total,415.67653762723046,439.16,-23.483462372769566,-5.347359133976128
2025-07-13,comparable_total,382.33603705526025,437.43,-55.09396294473976,-12.594921003301044
2025-10-13,comparable_total,346.5346856189346,313.6,32.934685618934566,10.50213189379291
2025-10-14,comparable_total,355.34172622385734,305.23,50.11172622385732,16.417693615914985
2025-10-15,comparable_total,333.03013113946565,297.65,35.380131139465675,11.886487868122183
2025-10-16,comparable_total,332.3867362282067,289.68,42.706736228206694,14.742728606809822
2025-10-17,comparable_total,332.16970198619543,290.26,41.909701986195444,14.438676354370372
2025-10-18,comparable_total,321.30711336769156,296.21,25.097113367691577,8.472743448125174
2025-10-19,comparable_total,274.4113114375911,271.14,3.271311437591123,1.2065027062001636
2026-02-16,comparable_total,355.8081516009278,352.71,3.0981516009277925,0.8783849624132553
2026-02-17,comparable_total,361.9136084145408,321.4,40.51360841454084,12.605354204897587
2026-02-18,comparable_total,370.24256381425556,318.11,52.13256381425555,16.38821911107967
2026-02-19,comparable_total,376.22210081251046,364.72,11.502100812510434,3.1536797577622377
2026-02-20,comparable_total,376.49324857074134,367.24,9.253248570741334,2.519673393623062
2026-02-21,comparable_total,379.8949890713346,356.72,23.17498907133455,6.496689019773084
2026-02-22,comparable_total,356.73333894854096,338.93,17.803338948540954,5.252807054123552
